minute,player_id,player_name,team_name,x,y,end_x,end_y,pass_recipient_id,pass_recipient_name,outcome_id,outcome_name
0,5487.0,Antoine Griezmann,France,61.0,40.1,48.0,43.2,10481.0,Aurélien Djani Tchouaméni,,
0,10481.0,Aurélien Djani Tchouaméni,France,49.7,43.6,96.0,1.8,3604.0,Olivier Giroud,75.0,Out
0,29201.0,Nahuel Molina Lucero,Argentina,22.7,80.0,36.0,75.2,7797.0,Rodrigo Javier De Paul,,
0,7797.0,Rodrigo Javier De Paul,Argentina,41.1,73.9,23.2,62.8,20572.0,Cristian Gabriel Romero,,
0,20572.0,Cristian Gabriel Romero,Argentina,24.7,59.4,21.5,32.2,3090.0,Nicolás Hernán Otamendi,,
0,3090.0,Nicolás Hernán Otamendi,Argentina,24.0,27.1,21.7,49.3,20572.0,Cristian Gabriel Romero,,
0,20572.0,Cristian Gabriel Romero,Argentina,22.1,49.8,24.0,27.3,3090.0,Nicolás Hernán Otamendi,,
0,3090.0,Nicolás Hernán Otamendi,Argentina,21.7,24.5,26.6,3.1,5507.0,Nicolás Alejandro Tagliafico,,
0,5507.0,Nicolás Alejandro Tagliafico,Argentina,29.2,2.5,45.6,4.2,27886.0,Alexis Mac Allister,,
1,5507.0,Nicolás Alejandro Tagliafico,Argentina,44.1,3.8,20.8,11.9,3090.0,Nicolás Hernán Otamendi,,
1,3090.0,Nicolás Hernán Otamendi,Argentina,21.7,17.7,19.7,33.3,20572.0,Cristian Gabriel Romero,,
1,20572.0,Cristian Gabriel Romero,Argentina,30.9,42.5,27.9,22.6,3090.0,Nicolás Hernán Otamendi,,
1,3090.0,Nicolás Hernán Otamendi,Argentina,29.8,29.2,27.0,45.9,20572.0,Cristian Gabriel Romero,,
1,20572.0,Cristian Gabriel Romero,Argentina,32.1,54.5,25.9,31.6,3090.0,Nicolás Hernán Otamendi,,
1,3090.0,Nicolás Hernán Otamendi,Argentina,24.7,29.0,5.6,42.3,6909.0,Damián Emiliano Martínez,,
1,6909.0,Damián Emiliano Martínez,Argentina,3.9,43.4,53.1,72.9,,,9.0,Incomplete
1,6704.0,Theo Bernard François Hernández,France,68.5,5.7,72.1,13.4,3026.0,Adrien Rabiot,,
1,3026.0,Adrien Rabiot,France,72.3,13.4,73.6,4.7,6704.0,Theo Bernard François Hernández,,
1,6704.0,Theo Bernard François Hernández,France,73.2,4.0,47.1,7.4,,,77.0,Unknown
1,6704.0,Theo Bernard François Hernández,France,61.2,7.0,44.1,37.4,5485.0,Raphaël Varane,,
2,5485.0,Raphaël Varane,France,53.1,44.9,45.2,67.1,4445.0,Jules Koundé,,
2,4445.0,Jules Koundé,France,43.2,70.3,58.2,77.4,5477.0,Ousmane Dembélé,,
2,5507.0,Nicolás Alejandro Tagliafico,Argentina,72.6,0.1,69.6,7.6,27886.0,Alexis Mac Allister,,
2,27886.0,Alexis Mac Allister,Argentina,67.4,20.7,77.5,36.9,5503.0,Lionel Andrés Messi Cuccittini,,
2,5503.0,Lionel Andrés Messi Cuccittini,Argentina,76.6,35.7,116.2,8.9,2995.0,Ángel Fabián Di María Hernández,,
2,2995.0,Ángel Fabián Di María Hernández,Argentina,116.0,8.9,104.9,49.3,,,9.0,Incomplete
2,7797.0,Rodrigo Javier De Paul,Argentina,93.1,53.2,100.4,57.7,5503.0,Lionel Andrés Messi Cuccittini,,
2,5503.0,Lionel Andrés Messi Cuccittini,Argentina,99.3,57.3,96.7,49.8,7797.0,Rodrigo Javier De Paul,,
2,7797.0,Rodrigo Javier De Paul,Argentina,96.7,49.8,110.9,44.6,29560.0,Julián Álvarez,76.0,Pass Offside
3,3099.0,Hugo Lloris,France,9.2,35.5,67.8,60.7,3604.0,Olivier Giroud,,
3,3604.0,Olivier Giroud,France,67.8,60.7,75.5,63.3,5487.0,Antoine Griezmann,,
3,27886.0,Alexis Mac Allister,Argentina,48.9,15.4,39.2,16.6,3090.0,Nicolás Hernán Otamendi,,
3,3090.0,Nicolás Hernán Otamendi,Argentina,37.4,19.2,26.0,29.3,20572.0,Cristian Gabriel Romero,,
3,20572.0,Cristian Gabriel Romero,Argentina,27.4,29.9,64.2,43.6,5503.0,Lionel Andrés Messi Cuccittini,77.0,Unknown
3,7797.0,Rodrigo Javier De Paul,Argentina,64.2,43.6,57.2,26.7,3090.0,Nicolás Hernán Otamendi,,
3,3090.0,Nicolás Hernán Otamendi,Argentina,57.2,26.7,54.4,37.8,38718.0,Enzo Fernandez,,
3,38718.0,Enzo Fernandez,Argentina,54.8,37.8,56.5,60.5,20572.0,Cristian Gabriel Romero,,
3,20572.0,Cristian Gabriel Romero,Argentina,56.1,61.3,67.9,73.5,29201.0,Nahuel Molina Lucero,,
3,29201.0,Nahuel Molina Lucero,Argentina,68.9,74.4,79.0,59.8,5503.0,Lionel Andrés Messi Cuccittini,9.0,Incomplete
3,3026.0,Adrien Rabiot,France,47.5,14.5,50.5,20.7,,,9.0,Incomplete
3,5503.0,Lionel Andrés Messi Cuccittini,Argentina,67.9,59.0,49.0,60.3,20572.0,Cristian Gabriel Romero,,
3,20572.0,Cristian Gabriel Romero,Argentina,50.5,58.1,89.3,3.6,2995.0,Ángel Fabián Di María Hernández,,
4,2995.0,Ángel Fabián Di María Hernández,Argentina,89.5,3.4,82.4,7.4,5507.0,Nicolás Alejandro Tagliafico,,
4,5507.0,Nicolás Alejandro Tagliafico,Argentina,82.4,7.4,96.1,14.3,27886.0,Alexis Mac Allister,,
4,27886.0,Alexis Mac Allister,Argentina,96.1,14.3,106.4,3.1,2995.0,Ángel Fabián Di María Hernández,,
4,5507.0,Nicolás Alejandro Tagliafico,Argentina,108.9,0.1,93.1,5.7,27886.0,Alexis Mac Allister,,
4,27886.0,Alexis Mac Allister,Argentina,87.8,7.6,82.6,35.0,5503.0,Lionel Andrés Messi Cuccittini,9.0,Incomplete
4,3009.0,Kylian Mbappé Lottin,France,38.8,46.8,32.1,30.5,3026.0,Adrien Rabiot,,
4,3026.0,Adrien Rabiot,France,31.3,28.2,33.4,7.9,6704.0,Theo Bernard François Hernández,,
4,6704.0,Theo Bernard François Hernández,France,33.6,7.9,38.3,14.9,3026.0,Adrien Rabiot,9.0,Incomplete
4,5503.0,Lionel Andrés Messi Cuccittini,Argentina,81.8,65.2,70.2,67.7,7797.0,Rodrigo Javier De Paul,,
4,7797.0,Rodrigo Javier De Paul,Argentina,84.6,49.8,103.6,15.5,2995.0,Ángel Fabián Di María Hernández,9.0,Incomplete
4,4445.0,Jules Koundé,France,16.5,64.6,28.3,71.4,5477.0,Ousmane Dembélé,,
4,5477.0,Ousmane Dembélé,France,28.3,71.4,17.2,77.2,4445.0,Jules Koundé,,
4,4445.0,Jules Koundé,France,17.2,77.2,27.2,68.4,5487.0,Antoine Griezmann,,
4,5487.0,Antoine Griezmann,France,27.6,68.2,21.4,60.3,,,9.0,Incomplete
4,29560.0,Julián Álvarez,Argentina,98.7,19.8,92.3,21.5,27886.0,Alexis Mac Allister,,
4,3099.0,Hugo Lloris,France,8.8,41.9,76.0,42.1,,,9.0,Incomplete
4,38718.0,Enzo Fernandez,Argentina,56.5,39.7,66.4,42.9,,,9.0,Incomplete
4,3026.0,Adrien Rabiot,France,53.1,36.3,41.3,35.7,8519.0,Dayotchanculle Upamecano,,
4,8519.0,Dayotchanculle Upamecano,France,41.5,35.7,58.7,7.4,6704.0,Theo Bernard François Hernández,,
5,6704.0,Theo Bernard François Hernández,France,61.6,7.7,69.3,5.3,3009.0,Kylian Mbappé Lottin,,
5,3009.0,Kylian Mbappé Lottin,France,68.7,5.9,56.1,10.2,6704.0,Theo Bernard François Hernández,,
5,6704.0,Theo Bernard François Hernández,France,55.7,10.2,41.3,16.2,8519.0,Dayotchanculle Upamecano,,
5,8519.0,Dayotchanculle Upamecano,France,36.8,21.3,41.1,38.2,10481.0,Aurélien Djani Tchouaméni,,
5,10481.0,Aurélien Djani Tchouaméni,France,43.9,51.3,66.8,60.1,5477.0,Ousmane Dembélé,9.0,Incomplete
5,4445.0,Jules Koundé,France,56.7,76.7,21.9,51.3,3099.0,Hugo Lloris,,
5,3099.0,Hugo Lloris,France,19.9,51.1,27.2,56.6,5485.0,Raphaël Varane,,
5,5485.0,Raphaël Varane,France,39.4,51.9,42.2,25.2,8519.0,Dayotchanculle Upamecano,,
5,8519.0,Dayotchanculle Upamecano,France,44.3,23.3,69.3,5.1,6704.0,Theo Bernard François Hernández,,
5,6704.0,Theo Bernard François Hernández,France,46.5,34.4,40.7,54.7,4445.0,Jules Koundé,,
5,4445.0,Jules Koundé,France,37.9,54.7,34.5,34.8,5485.0,Raphaël Varane,,
5,5485.0,Raphaël Varane,France,36.8,36.7,45.8,32.3,6704.0,Theo Bernard François Hernández,,
5,3026.0,Adrien Rabiot,France,53.3,33.3,51.6,62.4,5477.0,Ousmane Dembélé,,
6,5477.0,Ousmane Dembélé,France,64.6,76.1,44.1,71.4,4445.0,Jules Koundé,,
6,4445.0,Jules Koundé,France,42.4,66.0,33.2,55.6,5485.0,Raphaël Varane,,
6,5485.0,Raphaël Varane,France,33.6,32.7,39.4,26.9,8519.0,Dayotchanculle Upamecano,,
6,8519.0,Dayotchanculle Upamecano,France,46.7,22.6,54.6,39.1,5485.0,Raphaël Varane,,
6,5485.0,Raphaël Varane,France,46.0,48.7,39.6,25.4,8519.0,Dayotchanculle Upamecano,,
6,8519.0,Dayotchanculle Upamecano,France,39.6,25.2,33.8,36.5,5485.0,Raphaël Varane,,
6,5485.0,Raphaël Varane,France,25.3,51.5,23.1,26.7,8519.0,Dayotchanculle Upamecano,,
6,8519.0,Dayotchanculle Upamecano,France,23.6,27.3,50.9,64.1,5477.0,Ousmane Dembélé,,
6,5477.0,Ousmane Dembélé,France,52.2,66.7,45.8,60.5,5487.0,Antoine Griezmann,,
6,5487.0,Antoine Griezmann,France,51.8,59.0,51.2,45.5,10481.0,Aurélien Djani Tchouaméni,,
6,10481.0,Aurélien Djani Tchouaméni,France,63.8,13.0,61.0,5.1,3026.0,Adrien Rabiot,,
6,3026.0,Adrien Rabiot,France,52.9,6.6,53.5,19.2,10481.0,Aurélien Djani Tchouaméni,,
6,10481.0,Aurélien Djani Tchouaméni,France,50.9,26.0,46.0,49.4,5485.0,Raphaël Varane,,
7,5485.0,Raphaël Varane,France,67.0,51.1,99.9,8.9,,,9.0,Incomplete
7,7797.0,Rodrigo Javier De Paul,Argentina,20.2,71.2,16.1,60.3,29201.0,Nahuel Molina Lucero,,
7,29201.0,Nahuel Molina Lucero,Argentina,16.3,60.3,47.1,63.9,5503.0,Lionel Andrés Messi Cuccittini,9.0,Incomplete
7,38718.0,Enzo Fernandez,Argentina,34.3,50.2,38.8,53.4,5503.0,Lionel Andrés Messi Cuccittini,,
7,5503.0,Lionel Andrés Messi Cuccittini,Argentina,39.2,48.1,65.3,35.4,27886.0,Alexis Mac Allister,,
7,27886.0,Alexis Mac Allister,Argentina,75.8,26.9,94.2,14.1,2995.0,Ángel Fabián Di María Hernández,,
7,2995.0,Ángel Fabián Di María Hernández,Argentina,98.5,10.2,92.9,11.3,27886.0,Alexis Mac Allister,,
7,27886.0,Alexis Mac Allister,Argentina,89.5,12.3,84.1,21.3,38718.0,Enzo Fernandez,,
7,38718.0,Enzo Fernandez,Argentina,88.0,23.9,93.7,20.3,27886.0,Alexis Mac Allister,9.0,Incomplete
7,29560.0,Julián Álvarez,Argentina,110.6,17.9,106.4,12.3,2995.0,Ángel Fabián Di María Hernández,,
7,2995.0,Ángel Fabián Di María Hernández,Argentina,115.1,21.3,98.7,51.7,7797.0,Rodrigo Javier De Paul,,
8,5503.0,Lionel Andrés Messi Cuccittini,Argentina,120.0,80.0,116.6,54.5,,,9.0,Incomplete
8,7797.0,Rodrigo Javier De Paul,Argentina,95.2,65.6,107.9,72.9,5503.0,Lionel Andrés Messi Cuccittini,,
8,5503.0,Lionel Andrés Messi Cuccittini,Argentina,108.2,74.4,86.3,67.5,7797.0,Rodrigo Javier De Paul,,
8,7797.0,Rodrigo Javier De Paul,Argentina,87.7,67.7,108.7,41.5,,,9.0,Incomplete
11,3099.0,Hugo Lloris,France,9.0,38.2,80.5,56.0,3604.0,Olivier Giroud,,
11,3604.0,Olivier Giroud,France,74.3,58.3,88.2,63.5,,,9.0,Incomplete
11,5507.0,Nicolás Alejandro Tagliafico,Argentina,31.9,16.6,51.6,26.5,29560.0,Julián Álvarez,9.0,Incomplete
11,3026.0,Adrien Rabiot,France,68.5,53.6,79.2,62.8,5487.0,Antoine Griezmann,,
11,5487.0,Antoine Griezmann,France,78.5,63.3,82.6,57.3,3604.0,Olivier Giroud,,
11,3604.0,Olivier Giroud,France,79.8,58.1,84.5,49.4,,,9.0,Incomplete
11,20572.0,Cristian Gabriel Romero,Argentina,35.6,33.9,39.4,30.5,38718.0,Enzo Fernandez,9.0,Incomplete
11,7797.0,Rodrigo Javier De Paul,Argentina,31.5,28.8,42.0,22.2,27886.0,Alexis Mac Allister,,
11,27886.0,Alexis Mac Allister,Argentina,41.8,22.0,44.8,3.6,2995.0,Ángel Fabián Di María Hernández,,
11,2995.0,Ángel Fabián Di María Hernández,Argentina,43.9,2.7,31.1,5.3,5507.0,Nicolás Alejandro Tagliafico,,
11,5507.0,Nicolás Alejandro Tagliafico,Argentina,31.1,5.3,18.7,14.1,3090.0,Nicolás Hernán Otamendi,,
11,3090.0,Nicolás Hernán Otamendi,Argentina,18.0,14.7,6.0,33.5,6909.0,Damián Emiliano Martínez,,
11,6909.0,Damián Emiliano Martínez,Argentina,6.5,41.6,10.1,48.9,20572.0,Cristian Gabriel Romero,,
11,20572.0,Cristian Gabriel Romero,Argentina,9.3,48.9,27.9,48.1,38718.0,Enzo Fernandez,,
11,38718.0,Enzo Fernandez,Argentina,33.9,51.1,112.1,58.1,29560.0,Julián Álvarez,9.0,Incomplete
11,5485.0,Raphaël Varane,France,8.0,22.0,2.6,29.0,3099.0,Hugo Lloris,,
11,3099.0,Hugo Lloris,France,3.3,29.7,53.1,19.2,,,9.0,Incomplete
11,29201.0,Nahuel Molina Lucero,Argentina,67.0,60.9,64.7,49.3,38718.0,Enzo Fernandez,,
11,38718.0,Enzo Fernandez,Argentina,68.3,51.1,76.9,63.9,7797.0,Rodrigo Javier De Paul,,
11,7797.0,Rodrigo Javier De Paul,Argentina,79.8,70.1,79.8,54.3,5503.0,Lionel Andrés Messi Cuccittini,,
11,5503.0,Lionel Andrés Messi Cuccittini,Argentina,80.5,47.8,105.1,14.7,2995.0,Ángel Fabián Di María Hernández,,
11,2995.0,Ángel Fabián Di María Hernández,Argentina,106.4,16.2,106.4,39.1,5503.0,Lionel Andrés Messi Cuccittini,9.0,Incomplete
12,2995.0,Ángel Fabián Di María Hernández,Argentina,101.9,13.0,96.7,23.7,7797.0,Rodrigo Javier De Paul,,
12,7797.0,Rodrigo Javier De Paul,Argentina,96.7,24.7,97.8,33.7,5503.0,Lionel Andrés Messi Cuccittini,,
12,3099.0,Hugo Lloris,France,15.4,36.1,84.7,48.9,,,9.0,Incomplete
12,3090.0,Nicolás Hernán Otamendi,Argentina,35.4,31.2,74.5,28.6,,,9.0,Incomplete
12,5485.0,Raphaël Varane,France,45.2,52.4,65.7,71.6,5487.0,Antoine Griezmann,,
12,5487.0,Antoine Griezmann,France,66.4,74.4,55.4,77.2,4445.0,Jules Koundé,,
12,4445.0,Jules Koundé,France,61.2,77.4,74.7,65.6,5477.0,Ousmane Dembélé,,
12,5477.0,Ousmane Dembélé,France,90.3,66.3,93.3,19.2,6704.0,Theo Bernard François Hernández,,
13,6704.0,Theo Bernard François Hernández,France,94.2,17.7,100.6,14.3,3009.0,Kylian Mbappé Lottin,,
13,3009.0,Kylian Mbappé Lottin,France,99.1,19.2,99.5,28.2,3026.0,Adrien Rabiot,,
13,3026.0,Adrien Rabiot,France,99.5,28.2,116.6,29.0,3009.0,Kylian Mbappé Lottin,9.0,Incomplete
13,6909.0,Damián Emiliano Martínez,Argentina,4.8,42.3,22.1,24.7,3090.0,Nicolás Hernán Otamendi,,
13,3090.0,Nicolás Hernán Otamendi,Argentina,22.3,23.0,31.3,26.0,38718.0,Enzo Fernandez,,
13,38718.0,Enzo Fernandez,Argentina,31.5,26.0,23.6,19.6,3090.0,Nicolás Hernán Otamendi,,
13,3090.0,Nicolás Hernán Otamendi,Argentina,23.4,21.5,14.8,51.3,20572.0,Cristian Gabriel Romero,,
13,20572.0,Cristian Gabriel Romero,Argentina,16.5,55.1,57.8,43.8,29560.0,Julián Álvarez,,
13,29560.0,Julián Álvarez,Argentina,57.6,43.6,52.5,56.2,5503.0,Lionel Andrés Messi Cuccittini,,
13,5503.0,Lionel Andrés Messi Cuccittini,Argentina,52.5,56.4,59.5,52.6,29560.0,Julián Álvarez,,
13,29560.0,Julián Álvarez,Argentina,59.5,52.6,56.1,55.5,5503.0,Lionel Andrés Messi Cuccittini,9.0,Incomplete
13,27886.0,Alexis Mac Allister,Argentina,63.8,33.7,79.2,10.4,2995.0,Ángel Fabián Di María Hernández,,
13,2995.0,Ángel Fabián Di María Hernández,Argentina,86.5,22.2,87.1,51.9,5503.0,Lionel Andrés Messi Cuccittini,,
13,5503.0,Lionel Andrés Messi Cuccittini,Argentina,95.2,48.5,104.9,35.2,29560.0,Julián Álvarez,9.0,Incomplete
13,5507.0,Nicolás Alejandro Tagliafico,Argentina,94.8,20.5,109.1,21.5,2995.0,Ángel Fabián Di María Hernández,76.0,Pass Offside
14,3099.0,Hugo Lloris,France,13.9,48.5,76.2,64.6,3604.0,Olivier Giroud,,
14,3604.0,Olivier Giroud,France,76.6,64.8,89.0,74.4,5477.0,Ousmane Dembélé,,
14,5477.0,Ousmane Dembélé,France,89.5,75.9,80.0,74.4,3604.0,Olivier Giroud,,
14,3604.0,Olivier Giroud,France,79.8,74.4,80.9,62.6,5487.0,Antoine Griezmann,,
14,29560.0,Julián Álvarez,Argentina,46.7,24.5,45.6,35.2,7797.0,Rodrigo Javier De Paul,,
14,7797.0,Rodrigo Javier De Paul,Argentina,52.7,39.9,62.9,23.5,27886.0,Alexis Mac Allister,,
14,27886.0,Alexis Mac Allister,Argentina,64.4,20.7,75.6,9.6,2995.0,Ángel Fabián Di María Hernández,,
14,2995.0,Ángel Fabián Di María Hernández,Argentina,76.4,6.8,55.7,4.9,5507.0,Nicolás Alejandro Tagliafico,,
14,5507.0,Nicolás Alejandro Tagliafico,Argentina,53.7,4.0,62.9,13.6,27886.0,Alexis Mac Allister,,
14,27886.0,Alexis Mac Allister,Argentina,63.2,17.3,56.1,33.5,38718.0,Enzo Fernandez,,
14,38718.0,Enzo Fernandez,Argentina,55.2,37.6,66.8,71.4,29201.0,Nahuel Molina Lucero,,
14,29201.0,Nahuel Molina Lucero,Argentina,68.1,72.4,47.3,61.8,20572.0,Cristian Gabriel Romero,,
14,20572.0,Cristian Gabriel Romero,Argentina,47.3,57.5,51.2,25.6,3090.0,Nicolás Hernán Otamendi,,
15,3090.0,Nicolás Hernán Otamendi,Argentina,62.3,20.9,77.3,3.1,2995.0,Ángel Fabián Di María Hernández,,
15,2995.0,Ángel Fabián Di María Hernández,Argentina,76.2,2.3,62.5,5.3,5507.0,Nicolás Alejandro Tagliafico,,
15,5507.0,Nicolás Alejandro Tagliafico,Argentina,62.3,5.7,57.2,17.7,38718.0,Enzo Fernandez,,
15,38718.0,Enzo Fernandez,Argentina,57.6,17.7,47.3,22.0,3090.0,Nicolás Hernán Otamendi,,
15,3090.0,Nicolás Hernán Otamendi,Argentina,46.9,23.0,48.4,27.1,38718.0,Enzo Fernandez,,
15,38718.0,Enzo Fernandez,Argentina,47.8,28.4,42.4,47.0,20572.0,Cristian Gabriel Romero,,
15,20572.0,Cristian Gabriel Romero,Argentina,52.9,53.2,68.3,3.4,2995.0,Ángel Fabián Di María Hernández,,
15,2995.0,Ángel Fabián Di María Hernández,Argentina,68.3,3.4,56.3,12.8,3090.0,Nicolás Hernán Otamendi,,
15,3090.0,Nicolás Hernán Otamendi,Argentina,54.2,17.0,91.8,78.6,29201.0,Nahuel Molina Lucero,75.0,Out
15,6704.0,Theo Bernard François Hernández,France,19.1,0.1,22.7,7.7,3026.0,Adrien Rabiot,,
15,3026.0,Adrien Rabiot,France,27.6,5.9,19.7,17.1,8519.0,Dayotchanculle Upamecano,,
15,8519.0,Dayotchanculle Upamecano,France,19.1,23.5,19.7,41.9,5485.0,Raphaël Varane,,
15,5485.0,Raphaël Varane,France,39.8,57.7,33.0,71.6,4445.0,Jules Koundé,,
16,4445.0,Jules Koundé,France,33.4,69.0,24.2,32.5,8519.0,Dayotchanculle Upamecano,,
16,8519.0,Dayotchanculle Upamecano,France,27.0,31.8,45.2,6.4,6704.0,Theo Bernard François Hernández,,
16,6704.0,Theo Bernard François Hernández,France,41.8,4.7,45.4,8.1,3009.0,Kylian Mbappé Lottin,9.0,Incomplete
16,5503.0,Lionel Andrés Messi Cuccittini,Argentina,89.3,58.8,110.2,56.8,7797.0,Rodrigo Javier De Paul,,
16,7797.0,Rodrigo Javier De Paul,Argentina,110.2,56.8,106.4,45.5,5503.0,Lionel Andrés Messi Cuccittini,,
16,3099.0,Hugo Lloris,France,7.0,44.1,65.1,61.6,,,9.0,Incomplete
16,27886.0,Alexis Mac Allister,Argentina,55.0,18.5,82.4,27.1,,,9.0,Incomplete
16,5485.0,Raphaël Varane,France,27.4,54.3,26.6,38.9,8519.0,Dayotchanculle Upamecano,,
17,8519.0,Dayotchanculle Upamecano,France,26.6,38.7,28.1,54.1,5485.0,Raphaël Varane,,
17,5485.0,Raphaël Varane,France,38.5,59.8,63.8,77.4,5477.0,Ousmane Dembélé,,
17,5477.0,Ousmane Dembélé,France,68.7,65.0,62.7,51.9,3026.0,Adrien Rabiot,,
17,3026.0,Adrien Rabiot,France,56.7,47.4,70.8,8.5,6704.0,Theo Bernard François Hernández,,
17,6704.0,Theo Bernard François Hernández,France,73.2,8.5,83.7,4.9,3009.0,Kylian Mbappé Lottin,,
17,3009.0,Kylian Mbappé Lottin,France,81.8,5.1,68.9,7.7,6704.0,Theo Bernard François Hernández,,
17,6704.0,Theo Bernard François Hernández,France,57.6,7.4,45.0,14.3,8519.0,Dayotchanculle Upamecano,,
17,8519.0,Dayotchanculle Upamecano,France,45.0,18.1,42.6,51.9,5485.0,Raphaël Varane,,
17,5485.0,Raphaël Varane,France,57.6,60.1,55.9,74.8,4445.0,Jules Koundé,,
17,4445.0,Jules Koundé,France,53.7,75.9,68.9,77.0,5477.0,Ousmane Dembélé,,
17,5477.0,Ousmane Dembélé,France,70.6,77.6,75.8,71.4,4445.0,Jules Koundé,,
17,4445.0,Jules Koundé,France,75.8,71.4,92.9,77.6,5477.0,Ousmane Dembélé,,
17,5477.0,Ousmane Dembélé,France,103.1,78.2,105.3,74.8,,,9.0,Incomplete
17,4445.0,Jules Koundé,France,100.1,80.0,74.5,61.8,5485.0,Raphaël Varane,,
18,5485.0,Raphaël Varane,France,74.9,59.0,69.1,41.9,8519.0,Dayotchanculle Upamecano,,
18,8519.0,Dayotchanculle Upamecano,France,70.2,34.2,85.2,5.3,6704.0,Theo Bernard François Hernández,,
18,6704.0,Theo Bernard François Hernández,France,85.4,5.3,86.7,14.1,3009.0,Kylian Mbappé Lottin,,
18,3009.0,Kylian Mbappé Lottin,France,86.7,14.1,103.6,7.9,6704.0,Theo Bernard François Hernández,,
19,5487.0,Antoine Griezmann,France,112.3,13.4,114.1,43.4,,,77.0,Unknown
19,6909.0,Damián Emiliano Martínez,Argentina,4.3,36.3,8.6,47.8,20572.0,Cristian Gabriel Romero,,
19,20572.0,Cristian Gabriel Romero,Argentina,14.6,49.1,29.6,47.8,38718.0,Enzo Fernandez,,
19,38718.0,Enzo Fernandez,Argentina,31.7,48.5,25.5,24.3,3090.0,Nicolás Hernán Otamendi,,
19,3090.0,Nicolás Hernán Otamendi,Argentina,29.4,22.8,42.4,5.3,5507.0,Nicolás Alejandro Tagliafico,,
19,5507.0,Nicolás Alejandro Tagliafico,Argentina,42.0,6.1,32.8,17.7,3090.0,Nicolás Hernán Otamendi,,
19,3090.0,Nicolás Hernán Otamendi,Argentina,32.4,20.3,30.0,47.8,20572.0,Cristian Gabriel Romero,,
19,20572.0,Cristian Gabriel Romero,Argentina,33.4,51.3,45.4,51.5,7797.0,Rodrigo Javier De Paul,,
19,7797.0,Rodrigo Javier De Paul,Argentina,45.0,52.3,33.6,54.5,20572.0,Cristian Gabriel Romero,,
19,20572.0,Cristian Gabriel Romero,Argentina,33.4,56.8,48.6,74.8,29201.0,Nahuel Molina Lucero,,
19,29201.0,Nahuel Molina Lucero,Argentina,50.1,75.2,41.6,62.4,7797.0,Rodrigo Javier De Paul,,
19,7797.0,Rodrigo Javier De Paul,Argentina,41.3,62.0,40.1,23.7,3090.0,Nicolás Hernán Otamendi,,
19,3090.0,Nicolás Hernán Otamendi,Argentina,61.9,19.8,65.9,1.9,2995.0,Ángel Fabián Di María Hernández,,
19,2995.0,Ángel Fabián Di María Hernández,Argentina,65.5,2.5,51.2,14.5,3090.0,Nicolás Hernán Otamendi,,
20,3090.0,Nicolás Hernán Otamendi,Argentina,48.4,14.7,39.2,40.1,20572.0,Cristian Gabriel Romero,,
20,20572.0,Cristian Gabriel Romero,Argentina,40.9,47.2,49.9,48.3,7797.0,Rodrigo Javier De Paul,,
20,7797.0,Rodrigo Javier De Paul,Argentina,49.9,48.3,39.6,47.0,20572.0,Cristian Gabriel Romero,,
20,20572.0,Cristian Gabriel Romero,Argentina,39.8,46.6,45.2,26.5,3090.0,Nicolás Hernán Otamendi,,
20,3090.0,Nicolás Hernán Otamendi,Argentina,49.3,22.8,54.8,32.9,38718.0,Enzo Fernandez,,
20,38718.0,Enzo Fernandez,Argentina,56.1,33.9,71.1,56.4,5503.0,Lionel Andrés Messi Cuccittini,,
20,5503.0,Lionel Andrés Messi Cuccittini,Argentina,89.5,65.0,99.5,74.6,29201.0,Nahuel Molina Lucero,,
20,29201.0,Nahuel Molina Lucero,Argentina,94.4,74.8,74.5,69.7,7797.0,Rodrigo Javier De Paul,,
20,7797.0,Rodrigo Javier De Paul,Argentina,73.9,68.2,65.9,33.9,3090.0,Nicolás Hernán Otamendi,,
20,3090.0,Nicolás Hernán Otamendi,Argentina,65.9,32.0,74.7,33.3,38718.0,Enzo Fernandez,,
20,38718.0,Enzo Fernandez,Argentina,74.7,33.3,64.9,30.9,3090.0,Nicolás Hernán Otamendi,,
20,3090.0,Nicolás Hernán Otamendi,Argentina,64.2,32.2,68.5,23.0,38718.0,Enzo Fernandez,,
20,38718.0,Enzo Fernandez,Argentina,68.7,22.6,54.8,41.6,20572.0,Cristian Gabriel Romero,,
20,20572.0,Cristian Gabriel Romero,Argentina,54.6,46.1,56.7,64.7,7797.0,Rodrigo Javier De Paul,,
20,7797.0,Rodrigo Javier De Paul,Argentina,57.0,64.5,69.6,53.8,38718.0,Enzo Fernandez,,
20,27886.0,Alexis Mac Allister,Argentina,92.0,35.2,94.2,47.0,29560.0,Julián Álvarez,,
20,29560.0,Julián Álvarez,Argentina,94.2,47.0,112.6,11.5,2995.0,Ángel Fabián Di María Hernández,,
23,3604.0,Olivier Giroud,France,61.0,40.1,52.9,38.0,3026.0,Adrien Rabiot,,
23,3026.0,Adrien Rabiot,France,55.0,34.2,46.9,44.4,10481.0,Aurélien Djani Tchouaméni,,
23,10481.0,Aurélien Djani Tchouaméni,France,44.5,47.7,40.0,62.4,4445.0,Jules Koundé,,
23,4445.0,Jules Koundé,France,39.0,63.9,33.2,52.6,5485.0,Raphaël Varane,,
23,5485.0,Raphaël Varane,France,34.7,47.2,39.0,7.0,6704.0,Theo Bernard François Hernández,,
23,6704.0,Theo Bernard François Hernández,France,38.5,7.4,97.2,9.8,3009.0,Kylian Mbappé Lottin,9.0,Incomplete
24,3009.0,Kylian Mbappé Lottin,France,98.0,0.1,87.5,7.7,3026.0,Adrien Rabiot,,
24,3026.0,Adrien Rabiot,France,89.7,7.7,96.5,5.1,3009.0,Kylian Mbappé Lottin,,
24,3009.0,Kylian Mbappé Lottin,France,105.9,5.5,104.6,28.4,,,9.0,Incomplete
24,20572.0,Cristian Gabriel Romero,Argentina,14.4,53.0,26.6,47.4,2995.0,Ángel Fabián Di María Hernández,,
24,29560.0,Julián Álvarez,Argentina,36.9,48.5,32.4,34.4,27886.0,Alexis Mac Allister,,
24,27886.0,Alexis Mac Allister,Argentina,38.8,29.5,22.5,17.3,5507.0,Nicolás Alejandro Tagliafico,,
24,5507.0,Nicolás Alejandro Tagliafico,Argentina,22.5,17.0,25.9,14.5,,,9.0,Incomplete
24,5507.0,Nicolás Alejandro Tagliafico,Argentina,34.9,0.1,50.3,2.9,27886.0,Alexis Mac Allister,9.0,Incomplete
24,10481.0,Aurélien Djani Tchouaméni,France,69.8,77.2,73.0,76.7,4445.0,Jules Koundé,9.0,Incomplete
25,5485.0,Raphaël Varane,France,48.4,80.0,34.3,66.3,8519.0,Dayotchanculle Upamecano,,
25,8519.0,Dayotchanculle Upamecano,France,41.3,53.0,45.2,48.5,3026.0,Adrien Rabiot,,
25,3026.0,Adrien Rabiot,France,50.3,50.4,48.0,61.8,10481.0,Aurélien Djani Tchouaméni,,
25,10481.0,Aurélien Djani Tchouaméni,France,48.0,62.0,66.4,66.0,5477.0,Ousmane Dembélé,,
25,5477.0,Ousmane Dembélé,France,66.4,66.0,56.7,63.7,3026.0,Adrien Rabiot,9.0,Incomplete
25,29560.0,Julián Álvarez,Argentina,63.4,16.4,55.0,19.0,27886.0,Alexis Mac Allister,,
25,27886.0,Alexis Mac Allister,Argentina,58.5,17.7,54.4,24.3,38718.0,Enzo Fernandez,,
25,38718.0,Enzo Fernandez,Argentina,54.4,24.3,55.0,13.4,5507.0,Nicolás Alejandro Tagliafico,,
25,5507.0,Nicolás Alejandro Tagliafico,Argentina,55.0,12.8,58.0,2.5,2995.0,Ángel Fabián Di María Hernández,,
25,2995.0,Ángel Fabián Di María Hernández,Argentina,45.0,4.0,45.4,10.8,27886.0,Alexis Mac Allister,9.0,Incomplete
25,5477.0,Ousmane Dembélé,France,80.3,70.8,88.8,56.2,3604.0,Olivier Giroud,,
26,5487.0,Antoine Griezmann,France,90.1,55.1,106.4,33.5,,,9.0,Incomplete
28,6909.0,Damián Emiliano Martínez,Argentina,28.3,41.2,88.6,63.9,29560.0,Julián Álvarez,9.0,Incomplete
28,6704.0,Theo Bernard François Hernández,France,31.5,16.2,45.8,23.3,,,9.0,Incomplete
28,38718.0,Enzo Fernandez,Argentina,77.9,57.5,81.1,73.9,5503.0,Lionel Andrés Messi Cuccittini,,
29,5503.0,Lionel Andrés Messi Cuccittini,Argentina,120.0,80.0,116.4,43.6,,,9.0,Incomplete
29,3099.0,Hugo Lloris,France,10.1,9.6,64.4,44.2,4445.0,Jules Koundé,,
29,4445.0,Jules Koundé,France,64.4,44.2,82.2,55.4,5477.0,Ousmane Dembélé,,
29,5477.0,Ousmane Dembélé,France,82.4,55.4,75.8,56.2,5487.0,Antoine Griezmann,9.0,Incomplete
29,27886.0,Alexis Mac Allister,Argentina,44.3,23.9,34.7,21.1,5507.0,Nicolás Alejandro Tagliafico,,
29,5507.0,Nicolás Alejandro Tagliafico,Argentina,34.7,20.5,38.8,26.7,38718.0,Enzo Fernandez,,
29,38718.0,Enzo Fernandez,Argentina,39.6,28.0,42.2,53.6,29201.0,Nahuel Molina Lucero,,
29,29201.0,Nahuel Molina Lucero,Argentina,63.4,61.8,75.4,38.4,29560.0,Julián Álvarez,,
29,29560.0,Julián Álvarez,Argentina,75.6,38.9,62.5,42.9,5503.0,Lionel Andrés Messi Cuccittini,,
30,5503.0,Lionel Andrés Messi Cuccittini,Argentina,81.8,38.6,91.4,29.2,27886.0,Alexis Mac Allister,,
30,27886.0,Alexis Mac Allister,Argentina,92.9,27.7,105.1,13.8,2995.0,Ángel Fabián Di María Hernández,,
30,2995.0,Ángel Fabián Di María Hernández,Argentina,106.8,12.8,111.1,79.5,29560.0,Julián Álvarez,75.0,Out
30,6704.0,Theo Bernard François Hernández,France,9.2,0.1,36.2,5.5,3604.0,Olivier Giroud,,
30,3604.0,Olivier Giroud,France,36.2,5.5,42.8,12.1,3009.0,Kylian Mbappé Lottin,9.0,Incomplete
30,29201.0,Nahuel Molina Lucero,Argentina,77.3,68.0,88.2,60.0,29560.0,Julián Álvarez,9.0,Incomplete
30,10481.0,Aurélien Djani Tchouaméni,France,31.9,20.1,42.4,13.9,3604.0,Olivier Giroud,,
30,3604.0,Olivier Giroud,France,42.4,13.9,51.4,16.0,3009.0,Kylian Mbappé Lottin,9.0,Incomplete
30,38718.0,Enzo Fernandez,Argentina,64.4,23.9,65.7,5.3,5507.0,Nicolás Alejandro Tagliafico,,
30,5507.0,Nicolás Alejandro Tagliafico,Argentina,60.8,4.6,32.1,15.1,3090.0,Nicolás Hernán Otamendi,,
30,3090.0,Nicolás Hernán Otamendi,Argentina,23.8,17.7,8.6,36.1,6909.0,Damián Emiliano Martínez,,
30,6909.0,Damián Emiliano Martínez,Argentina,7.8,38.2,8.8,54.5,20572.0,Cristian Gabriel Romero,,
30,20572.0,Cristian Gabriel Romero,Argentina,19.7,56.4,36.2,51.5,7797.0,Rodrigo Javier De Paul,,
30,7797.0,Rodrigo Javier De Paul,Argentina,37.9,60.3,45.6,59.4,5503.0,Lionel Andrés Messi Cuccittini,,
31,5503.0,Lionel Andrés Messi Cuccittini,Argentina,45.8,59.4,64.4,73.5,7797.0,Rodrigo Javier De Paul,,
31,7797.0,Rodrigo Javier De Paul,Argentina,70.0,65.0,68.1,55.5,5503.0,Lionel Andrés Messi Cuccittini,,
31,5503.0,Lionel Andrés Messi Cuccittini,Argentina,68.1,54.5,81.1,29.9,27886.0,Alexis Mac Allister,,
31,27886.0,Alexis Mac Allister,Argentina,81.8,31.4,80.7,45.1,5503.0,Lionel Andrés Messi Cuccittini,,
31,5503.0,Lionel Andrés Messi Cuccittini,Argentina,92.7,47.6,116.8,7.4,2995.0,Ángel Fabián Di María Hernández,,
31,2995.0,Ángel Fabián Di María Hernández,Argentina,107.9,8.3,91.4,11.9,27886.0,Alexis Mac Allister,,
31,27886.0,Alexis Mac Allister,Argentina,93.1,11.9,87.1,18.8,38718.0,Enzo Fernandez,,
31,38718.0,Enzo Fernandez,Argentina,87.1,18.1,90.8,2.5,27886.0,Alexis Mac Allister,,
31,27886.0,Alexis Mac Allister,Argentina,90.8,2.5,98.5,18.3,5507.0,Nicolás Alejandro Tagliafico,,
31,5507.0,Nicolás Alejandro Tagliafico,Argentina,100.4,20.5,90.1,20.5,27886.0,Alexis Mac Allister,,
32,6704.0,Theo Bernard François Hernández,France,18.0,0.1,43.9,8.7,3009.0,Kylian Mbappé Lottin,9.0,Incomplete
32,29201.0,Nahuel Molina Lucero,Argentina,76.2,71.4,97.8,68.2,5503.0,Lionel Andrés Messi Cuccittini,,
32,27886.0,Alexis Mac Allister,Argentina,87.1,30.5,82.2,44.0,38718.0,Enzo Fernandez,,
32,38718.0,Enzo Fernandez,Argentina,85.8,45.5,93.3,52.6,29560.0,Julián Álvarez,,
32,29560.0,Julián Álvarez,Argentina,93.3,52.6,87.8,51.1,38718.0,Enzo Fernandez,,
32,38718.0,Enzo Fernandez,Argentina,87.8,51.3,90.5,70.7,7797.0,Rodrigo Javier De Paul,,
32,7797.0,Rodrigo Javier De Paul,Argentina,91.8,68.6,109.6,29.2,2995.0,Ángel Fabián Di María Hernández,9.0,Incomplete
32,5477.0,Ousmane Dembélé,France,21.6,55.1,52.9,45.1,,,9.0,Incomplete
32,3090.0,Nicolás Hernán Otamendi,Argentina,65.1,36.3,55.0,51.3,20572.0,Cristian Gabriel Romero,,
32,20572.0,Cristian Gabriel Romero,Argentina,53.7,58.3,65.9,54.9,7797.0,Rodrigo Javier De Paul,,
32,7797.0,Rodrigo Javier De Paul,Argentina,68.7,55.5,63.8,48.3,38718.0,Enzo Fernandez,,
32,38718.0,Enzo Fernandez,Argentina,62.7,42.7,52.3,27.1,3090.0,Nicolás Hernán Otamendi,,
32,3090.0,Nicolás Hernán Otamendi,Argentina,52.3,26.5,65.9,6.6,5507.0,Nicolás Alejandro Tagliafico,,
32,5507.0,Nicolás Alejandro Tagliafico,Argentina,67.7,6.4,75.8,2.3,2995.0,Ángel Fabián Di María Hernández,,
32,2995.0,Ángel Fabián Di María Hernández,Argentina,74.9,3.8,92.0,15.1,27886.0,Alexis Mac Allister,,
32,4445.0,Jules Koundé,France,33.8,80.0,53.3,75.5,3604.0,Olivier Giroud,9.0,Incomplete
33,5507.0,Nicolás Alejandro Tagliafico,Argentina,66.8,4.6,70.9,10.2,27886.0,Alexis Mac Allister,,
33,27886.0,Alexis Mac Allister,Argentina,72.4,7.8,74.7,2.9,2995.0,Ángel Fabián Di María Hernández,,
33,5477.0,Ousmane Dembélé,France,54.6,77.8,57.2,72.3,4445.0,Jules Koundé,,
33,5507.0,Nicolás Alejandro Tagliafico,Argentina,73.0,6.1,80.9,19.2,29560.0,Julián Álvarez,9.0,Incomplete
33,5485.0,Raphaël Varane,France,39.2,60.9,61.0,63.3,,,9.0,Incomplete
33,3026.0,Adrien Rabiot,France,48.6,50.6,88.8,27.3,,,9.0,Incomplete
33,20572.0,Cristian Gabriel Romero,Argentina,31.3,52.8,9.9,54.1,6909.0,Damián Emiliano Martínez,,
33,6909.0,Damián Emiliano Martínez,Argentina,11.0,56.6,31.9,70.5,29201.0,Nahuel Molina Lucero,,
33,29201.0,Nahuel Molina Lucero,Argentina,35.6,72.9,43.7,66.2,7797.0,Rodrigo Javier De Paul,,
33,7797.0,Rodrigo Javier De Paul,Argentina,49.0,67.5,44.3,49.3,38718.0,Enzo Fernandez,,
33,38718.0,Enzo Fernandez,Argentina,70.4,52.1,81.3,74.4,29201.0,Nahuel Molina Lucero,,
33,29201.0,Nahuel Molina Lucero,Argentina,81.3,73.3,67.0,71.8,7797.0,Rodrigo Javier De Paul,,
33,7797.0,Rodrigo Javier De Paul,Argentina,63.2,70.9,42.8,62.2,20572.0,Cristian Gabriel Romero,,
33,20572.0,Cristian Gabriel Romero,Argentina,43.1,58.1,44.3,25.8,3090.0,Nicolás Hernán Otamendi,,
33,3090.0,Nicolás Hernán Otamendi,Argentina,46.7,23.2,57.4,33.5,38718.0,Enzo Fernandez,,
33,38718.0,Enzo Fernandez,Argentina,57.4,33.5,49.5,25.8,3090.0,Nicolás Hernán Otamendi,,
33,3090.0,Nicolás Hernán Otamendi,Argentina,49.5,26.0,56.3,25.6,38718.0,Enzo Fernandez,,
33,38718.0,Enzo Fernandez,Argentina,53.5,23.9,44.6,41.0,20572.0,Cristian Gabriel Romero,,
33,20572.0,Cristian Gabriel Romero,Argentina,43.5,41.2,51.4,48.5,7797.0,Rodrigo Javier De Paul,,
33,7797.0,Rodrigo Javier De Paul,Argentina,51.4,48.5,50.5,13.6,3090.0,Nicolás Hernán Otamendi,,
34,3090.0,Nicolás Hernán Otamendi,Argentina,52.5,15.1,40.1,33.5,20572.0,Cristian Gabriel Romero,,
34,20572.0,Cristian Gabriel Romero,Argentina,39.6,36.3,55.5,44.2,7797.0,Rodrigo Javier De Paul,,
34,7797.0,Rodrigo Javier De Paul,Argentina,64.4,42.3,76.0,62.4,5503.0,Lionel Andrés Messi Cuccittini,,
34,5503.0,Lionel Andrés Messi Cuccittini,Argentina,80.3,57.7,101.2,8.9,2995.0,Ángel Fabián Di María Hernández,,
34,2995.0,Ángel Fabián Di María Hernández,Argentina,98.5,17.5,94.2,29.7,5503.0,Lionel Andrés Messi Cuccittini,,
34,4445.0,Jules Koundé,France,18.4,55.4,39.8,52.4,3026.0,Adrien Rabiot,9.0,Incomplete
34,38718.0,Enzo Fernandez,Argentina,80.7,23.2,88.4,4.6,5507.0,Nicolás Alejandro Tagliafico,,
34,5507.0,Nicolás Alejandro Tagliafico,Argentina,90.3,5.7,81.3,12.3,38718.0,Enzo Fernandez,,
34,38718.0,Enzo Fernandez,Argentina,80.1,14.7,86.5,5.3,5507.0,Nicolás Alejandro Tagliafico,,
34,5507.0,Nicolás Alejandro Tagliafico,Argentina,86.5,5.3,93.7,3.8,2995.0,Ángel Fabián Di María Hernández,,
34,2995.0,Ángel Fabián Di María Hernández,Argentina,87.3,4.6,74.1,8.1,38718.0,Enzo Fernandez,,
34,38718.0,Enzo Fernandez,Argentina,74.7,10.0,54.0,39.9,20572.0,Cristian Gabriel Romero,,
34,20572.0,Cristian Gabriel Romero,Argentina,53.7,45.7,21.2,32.0,6909.0,Damián Emiliano Martínez,,
34,6909.0,Damián Emiliano Martínez,Argentina,21.2,32.0,27.9,22.4,3090.0,Nicolás Hernán Otamendi,,
34,3090.0,Nicolás Hernán Otamendi,Argentina,25.9,22.4,10.1,40.6,6909.0,Damián Emiliano Martínez,,
34,6909.0,Damián Emiliano Martínez,Argentina,9.7,45.1,12.9,55.5,20572.0,Cristian Gabriel Romero,,
34,20572.0,Cristian Gabriel Romero,Argentina,12.5,55.3,21.5,73.3,29201.0,Nahuel Molina Lucero,,
34,29201.0,Nahuel Molina Lucero,Argentina,21.5,73.3,27.0,79.1,,,75.0,Out
35,6704.0,Theo Bernard François Hernández,France,93.1,0.1,110.8,7.0,3009.0,Kylian Mbappé Lottin,,
35,29201.0,Nahuel Molina Lucero,Argentina,5.8,54.5,4.1,42.1,6909.0,Damián Emiliano Martínez,,
35,6909.0,Damián Emiliano Martínez,Argentina,4.1,42.1,51.0,73.1,,,9.0,Incomplete
35,8519.0,Dayotchanculle Upamecano,France,71.3,5.5,94.2,8.3,,,9.0,Incomplete
35,29201.0,Nahuel Molina Lucero,Argentina,25.9,71.8,41.6,59.2,27886.0,Alexis Mac Allister,,
35,27886.0,Alexis Mac Allister,Argentina,41.8,59.0,53.1,61.8,5503.0,Lionel Andrés Messi Cuccittini,,
35,5503.0,Lionel Andrés Messi Cuccittini,Argentina,52.9,61.8,62.5,68.2,29560.0,Julián Álvarez,,
35,29560.0,Julián Álvarez,Argentina,63.2,68.2,99.3,54.9,27886.0,Alexis Mac Allister,,
35,27886.0,Alexis Mac Allister,Argentina,99.3,54.9,111.8,32.1,2995.0,Ángel Fabián Di María Hernández,,
36,3604.0,Olivier Giroud,France,61.0,40.1,54.6,42.9,10481.0,Aurélien Djani Tchouaméni,,
36,10481.0,Aurélien Djani Tchouaméni,France,54.6,42.9,56.7,12.1,3009.0,Kylian Mbappé Lottin,,
37,3009.0,Kylian Mbappé Lottin,France,66.8,10.6,45.4,30.3,8519.0,Dayotchanculle Upamecano,,
37,8519.0,Dayotchanculle Upamecano,France,45.4,31.6,52.7,46.2,10481.0,Aurélien Djani Tchouaméni,,
37,10481.0,Aurélien Djani Tchouaméni,France,56.5,64.6,72.1,76.1,5477.0,Ousmane Dembélé,,
37,5507.0,Nicolás Alejandro Tagliafico,Argentina,44.3,7.4,44.3,3.1,2995.0,Ángel Fabián Di María Hernández,,
37,2995.0,Ángel Fabián Di María Hernández,Argentina,45.2,4.0,42.0,14.1,38718.0,Enzo Fernandez,,
37,38718.0,Enzo Fernandez,Argentina,42.0,13.8,37.7,9.6,27886.0,Alexis Mac Allister,,
37,27886.0,Alexis Mac Allister,Argentina,45.2,14.7,43.1,24.1,38718.0,Enzo Fernandez,,
37,38718.0,Enzo Fernandez,Argentina,43.1,25.0,48.0,42.7,5503.0,Lionel Andrés Messi Cuccittini,,
37,5503.0,Lionel Andrés Messi Cuccittini,Argentina,48.0,42.5,38.1,39.7,7797.0,Rodrigo Javier De Paul,,
37,7797.0,Rodrigo Javier De Paul,Argentina,38.1,39.7,33.2,24.7,3090.0,Nicolás Hernán Otamendi,,
37,3090.0,Nicolás Hernán Otamendi,Argentina,32.8,24.3,25.1,45.9,20572.0,Cristian Gabriel Romero,,
37,20572.0,Cristian Gabriel Romero,Argentina,25.1,45.7,38.8,44.9,38718.0,Enzo Fernandez,,
37,38718.0,Enzo Fernandez,Argentina,39.6,43.8,33.6,24.7,3090.0,Nicolás Hernán Otamendi,,
37,3090.0,Nicolás Hernán Otamendi,Argentina,33.9,23.9,41.6,9.3,5507.0,Nicolás Alejandro Tagliafico,,
37,5507.0,Nicolás Alejandro Tagliafico,Argentina,44.8,8.1,28.9,15.8,3090.0,Nicolás Hernán Otamendi,,
37,3090.0,Nicolás Hernán Otamendi,Argentina,30.6,14.5,38.8,2.1,5507.0,Nicolás Alejandro Tagliafico,,
37,5507.0,Nicolás Alejandro Tagliafico,Argentina,38.6,3.4,54.0,7.8,27886.0,Alexis Mac Allister,,
38,2995.0,Ángel Fabián Di María Hernández,Argentina,53.5,7.0,46.7,63.9,29201.0,Nahuel Molina Lucero,,
38,29201.0,Nahuel Molina Lucero,Argentina,46.7,63.7,45.2,49.1,7797.0,Rodrigo Javier De Paul,,
38,7797.0,Rodrigo Javier De Paul,Argentina,43.5,50.0,26.4,48.9,20572.0,Cristian Gabriel Romero,,
38,20572.0,Cristian Gabriel Romero,Argentina,26.4,48.7,37.5,44.6,38718.0,Enzo Fernandez,,
38,38718.0,Enzo Fernandez,Argentina,37.5,44.6,49.7,51.7,7797.0,Rodrigo Javier De Paul,9.0,Incomplete
38,6704.0,Theo Bernard François Hernández,France,70.4,28.4,80.5,34.8,5487.0,Antoine Griezmann,,
38,5487.0,Antoine Griezmann,France,80.5,35.2,87.3,22.2,3009.0,Kylian Mbappé Lottin,,
38,3009.0,Kylian Mbappé Lottin,France,87.1,10.4,94.4,21.3,3026.0,Adrien Rabiot,,
38,20572.0,Cristian Gabriel Romero,Argentina,33.4,54.9,51.4,72.9,5503.0,Lionel Andrés Messi Cuccittini,,
38,8519.0,Dayotchanculle Upamecano,France,42.6,5.1,9.7,25.4,3099.0,Hugo Lloris,,
38,3099.0,Hugo Lloris,France,12.9,29.9,27.4,45.9,5485.0,Raphaël Varane,,
38,5485.0,Raphaël Varane,France,49.0,56.9,60.6,53.0,5487.0,Antoine Griezmann,,
38,5487.0,Antoine Griezmann,France,60.4,53.2,44.5,69.3,4445.0,Jules Koundé,,
38,4445.0,Jules Koundé,France,45.6,69.7,45.6,63.1,5485.0,Raphaël Varane,,
38,5485.0,Raphaël Varane,France,45.6,61.6,50.3,43.6,10481.0,Aurélien Djani Tchouaméni,,
38,10481.0,Aurélien Djani Tchouaméni,France,56.9,39.7,50.9,53.0,5485.0,Raphaël Varane,,
39,5485.0,Raphaël Varane,France,62.7,57.5,64.6,73.3,4445.0,Jules Koundé,,
39,4445.0,Jules Koundé,France,64.4,73.5,77.3,64.6,5487.0,Antoine Griezmann,,
39,5487.0,Antoine Griezmann,France,77.3,64.6,80.0,60.5,3009.0,Kylian Mbappé Lottin,9.0,Incomplete
39,2995.0,Ángel Fabián Di María Hernández,Argentina,53.1,11.7,55.0,17.7,29560.0,Julián Álvarez,,
39,29560.0,Julián Álvarez,Argentina,55.2,18.5,48.2,20.7,38718.0,Enzo Fernandez,,
39,38718.0,Enzo Fernandez,Argentina,48.2,20.7,49.3,31.2,7797.0,Rodrigo Javier De Paul,,
39,7797.0,Rodrigo Javier De Paul,Argentina,49.3,31.2,53.3,39.1,5503.0,Lionel Andrés Messi Cuccittini,,
39,5503.0,Lionel Andrés Messi Cuccittini,Argentina,44.6,28.4,35.8,23.0,3090.0,Nicolás Hernán Otamendi,,
39,3090.0,Nicolás Hernán Otamendi,Argentina,35.8,22.6,48.0,3.6,5507.0,Nicolás Alejandro Tagliafico,,
39,5507.0,Nicolás Alejandro Tagliafico,Argentina,48.0,3.1,32.1,16.4,3090.0,Nicolás Hernán Otamendi,,
39,3090.0,Nicolás Hernán Otamendi,Argentina,30.9,19.8,26.6,46.3,20572.0,Cristian Gabriel Romero,,
39,20572.0,Cristian Gabriel Romero,Argentina,27.9,47.4,26.6,29.0,3090.0,Nicolás Hernán Otamendi,,
39,3090.0,Nicolás Hernán Otamendi,Argentina,26.6,26.7,37.1,32.0,38718.0,Enzo Fernandez,,
39,38718.0,Enzo Fernandez,Argentina,37.1,32.0,45.2,72.7,29201.0,Nahuel Molina Lucero,,
39,29201.0,Nahuel Molina Lucero,Argentina,48.4,73.3,52.7,69.5,,,9.0,Incomplete
39,10481.0,Aurélien Djani Tchouaméni,France,55.0,32.7,62.5,23.1,3026.0,Adrien Rabiot,,
39,3026.0,Adrien Rabiot,France,62.5,22.8,51.8,26.5,10481.0,Aurélien Djani Tchouaméni,,
39,10481.0,Aurélien Djani Tchouaméni,France,51.8,26.5,41.3,5.1,8519.0,Dayotchanculle Upamecano,,
39,8519.0,Dayotchanculle Upamecano,France,41.3,5.7,87.5,19.2,,,9.0,Incomplete
39,20572.0,Cristian Gabriel Romero,Argentina,32.6,60.9,40.1,71.6,29201.0,Nahuel Molina Lucero,,
39,29201.0,Nahuel Molina Lucero,Argentina,40.7,74.8,38.3,70.9,7797.0,Rodrigo Javier De Paul,,
39,7797.0,Rodrigo Javier De Paul,Argentina,43.1,69.7,40.1,75.9,29201.0,Nahuel Molina Lucero,,
39,29201.0,Nahuel Molina Lucero,Argentina,39.8,75.9,51.0,74.6,7797.0,Rodrigo Javier De Paul,,
39,7797.0,Rodrigo Javier De Paul,Argentina,51.0,75.0,54.4,75.4,29560.0,Julián Álvarez,9.0,Incomplete
39,10481.0,Aurélien Djani Tchouaméni,France,65.7,4.7,96.1,5.3,,,9.0,Incomplete
39,20572.0,Cristian Gabriel Romero,Argentina,24.0,74.8,37.5,61.1,38718.0,Enzo Fernandez,,
39,38718.0,Enzo Fernandez,Argentina,37.5,61.1,36.9,73.3,29201.0,Nahuel Molina Lucero,,
40,29201.0,Nahuel Molina Lucero,Argentina,36.9,72.9,40.7,76.5,7797.0,Rodrigo Javier De Paul,,
40,7797.0,Rodrigo Javier De Paul,Argentina,40.7,76.3,23.6,30.9,3090.0,Nicolás Hernán Otamendi,,
40,3090.0,Nicolás Hernán Otamendi,Argentina,25.5,28.8,48.4,3.1,2995.0,Ángel Fabián Di María Hernández,,
41,3090.0,Nicolás Hernán Otamendi,Argentina,51.2,3.1,48.4,20.9,5507.0,Nicolás Alejandro Tagliafico,,
41,2995.0,Ángel Fabián Di María Hernández,Argentina,72.1,4.4,39.8,60.3,29201.0,Nahuel Molina Lucero,,
41,29201.0,Nahuel Molina Lucero,Argentina,42.2,57.9,32.4,28.2,3090.0,Nicolás Hernán Otamendi,,
41,3090.0,Nicolás Hernán Otamendi,Argentina,34.9,24.5,49.7,5.7,5507.0,Nicolás Alejandro Tagliafico,,
42,2995.0,Ángel Fabián Di María Hernández,Argentina,57.0,3.6,29.6,16.6,3090.0,Nicolás Hernán Otamendi,,
42,3090.0,Nicolás Hernán Otamendi,Argentina,26.4,18.5,19.5,44.4,20572.0,Cristian Gabriel Romero,,
42,20572.0,Cristian Gabriel Romero,Argentina,15.5,47.6,43.7,41.4,38718.0,Enzo Fernandez,,
42,38718.0,Enzo Fernandez,Argentina,54.4,40.6,102.3,6.6,2995.0,Ángel Fabián Di María Hernández,,
42,4445.0,Jules Koundé,France,2.8,65.8,10.5,71.2,22097.0,Randal Kolo Muani,,
43,3099.0,Hugo Lloris,France,7.0,36.1,72.4,28.8,,,9.0,Incomplete
43,20572.0,Cristian Gabriel Romero,Argentina,33.1,54.1,28.4,70.7,29201.0,Nahuel Molina Lucero,,
43,29201.0,Nahuel Molina Lucero,Argentina,28.7,75.0,39.6,74.8,7797.0,Rodrigo Javier De Paul,9.0,Incomplete
43,3026.0,Adrien Rabiot,France,80.5,5.3,86.5,5.5,2972.0,Marcus Thuram,,
43,38718.0,Enzo Fernandez,Argentina,37.5,66.7,51.0,65.4,29560.0,Julián Álvarez,,
43,10481.0,Aurélien Djani Tchouaméni,France,76.6,11.1,82.0,5.1,3026.0,Adrien Rabiot,,
43,3026.0,Adrien Rabiot,France,83.9,5.9,79.6,6.6,2972.0,Marcus Thuram,,
43,6704.0,Theo Bernard François Hernández,France,69.6,0.1,71.5,8.7,10481.0,Aurélien Djani Tchouaméni,,
43,10481.0,Aurélien Djani Tchouaméni,France,71.5,8.7,68.9,3.6,6704.0,Theo Bernard François Hernández,,
43,6704.0,Theo Bernard François Hernández,France,68.9,3.6,45.0,7.7,8519.0,Dayotchanculle Upamecano,,
43,8519.0,Dayotchanculle Upamecano,France,48.4,22.4,56.3,7.0,6704.0,Theo Bernard François Hernández,,
43,6704.0,Theo Bernard François Hernández,France,56.3,7.0,45.0,16.4,8519.0,Dayotchanculle Upamecano,,
43,8519.0,Dayotchanculle Upamecano,France,42.8,20.7,40.5,51.7,5485.0,Raphaël Varane,,
43,5485.0,Raphaël Varane,France,63.1,58.3,56.3,47.4,10481.0,Aurélien Djani Tchouaméni,,
44,10481.0,Aurélien Djani Tchouaméni,France,56.3,46.8,45.6,32.3,8519.0,Dayotchanculle Upamecano,,
44,8519.0,Dayotchanculle Upamecano,France,53.1,8.1,68.3,19.0,,,77.0,Unknown
44,6704.0,Theo Bernard François Hernández,France,56.5,7.0,55.9,27.5,10481.0,Aurélien Djani Tchouaméni,,
44,10481.0,Aurélien Djani Tchouaméni,France,55.4,28.4,55.7,49.2,5485.0,Raphaël Varane,,
44,5485.0,Raphaël Varane,France,55.2,47.4,49.2,29.9,8519.0,Dayotchanculle Upamecano,,
44,8519.0,Dayotchanculle Upamecano,France,47.7,31.4,47.5,71.6,4445.0,Jules Koundé,,
44,4445.0,Jules Koundé,France,77.5,71.2,86.7,77.2,22097.0,Randal Kolo Muani,,
44,22097.0,Randal Kolo Muani,France,85.2,64.8,94.4,57.3,3009.0,Kylian Mbappé Lottin,9.0,Incomplete
44,3090.0,Nicolás Hernán Otamendi,Argentina,25.7,22.8,32.4,27.5,7797.0,Rodrigo Javier De Paul,,
44,10481.0,Aurélien Djani Tchouaméni,France,86.0,55.1,84.7,46.2,22097.0,Randal Kolo Muani,,
44,38718.0,Enzo Fernandez,Argentina,38.5,33.1,41.6,40.7,7797.0,Rodrigo Javier De Paul,9.0,Incomplete
44,3026.0,Adrien Rabiot,France,78.5,39.4,91.3,30.4,,,9.0,Incomplete
44,29201.0,Nahuel Molina Lucero,Argentina,28.8,49.7,43.3,49.2,5503.0,Lionel Andrés Messi Cuccittini,,
44,5503.0,Lionel Andrés Messi Cuccittini,Argentina,37.5,53.8,44.3,74.2,29201.0,Nahuel Molina Lucero,,
45,29201.0,Nahuel Molina Lucero,Argentina,55.7,76.1,58.0,67.5,5503.0,Lionel Andrés Messi Cuccittini,9.0,Incomplete
45,3026.0,Adrien Rabiot,France,62.1,12.6,63.1,0.8,2972.0,Marcus Thuram,75.0,Out
45,29201.0,Nahuel Molina Lucero,Argentina,57.6,80.0,52.0,72.9,7797.0,Rodrigo Javier De Paul,,
45,7797.0,Rodrigo Javier De Paul,Argentina,50.5,74.6,32.1,70.1,20572.0,Cristian Gabriel Romero,,
45,20572.0,Cristian Gabriel Romero,Argentina,30.2,64.5,27.7,28.0,3090.0,Nicolás Hernán Otamendi,,
45,3090.0,Nicolás Hernán Otamendi,Argentina,27.4,26.2,43.5,3.6,5507.0,Nicolás Alejandro Tagliafico,,
45,5507.0,Nicolás Alejandro Tagliafico,Argentina,43.5,3.6,112.8,19.0,2995.0,Ángel Fabián Di María Hernández,9.0,Incomplete
45,3099.0,Hugo Lloris,France,9.2,57.7,26.8,34.8,8519.0,Dayotchanculle Upamecano,,
45,8519.0,Dayotchanculle Upamecano,France,38.8,33.3,46.7,26.9,10481.0,Aurélien Djani Tchouaméni,,
45,10481.0,Aurélien Djani Tchouaméni,France,56.1,20.9,66.4,7.7,6704.0,Theo Bernard François Hernández,,
45,6704.0,Theo Bernard François Hernández,France,67.8,7.2,42.2,14.9,8519.0,Dayotchanculle Upamecano,,
45,8519.0,Dayotchanculle Upamecano,France,42.8,16.2,53.3,48.1,3026.0,Adrien Rabiot,,
46,3026.0,Adrien Rabiot,France,80.7,72.9,73.6,76.1,4445.0,Jules Koundé,,
46,4445.0,Jules Koundé,France,74.1,76.3,65.9,49.6,10481.0,Aurélien Djani Tchouaméni,,
46,10481.0,Aurélien Djani Tchouaméni,France,67.4,41.0,78.3,7.9,6704.0,Theo Bernard François Hernández,,
46,6704.0,Theo Bernard François Hernández,France,78.3,6.8,69.1,17.5,10481.0,Aurélien Djani Tchouaméni,,
46,10481.0,Aurélien Djani Tchouaméni,France,69.8,16.4,56.9,24.8,8519.0,Dayotchanculle Upamecano,,
46,8519.0,Dayotchanculle Upamecano,France,56.5,26.9,86.9,20.3,,,9.0,Incomplete
46,3009.0,Kylian Mbappé Lottin,France,91.8,4.7,99.7,10.9,2972.0,Marcus Thuram,,
46,2972.0,Marcus Thuram,France,113.0,5.5,112.6,10.2,,,9.0,Incomplete
47,6909.0,Damián Emiliano Martínez,Argentina,15.9,73.1,85.2,61.3,,,9.0,Incomplete
47,10481.0,Aurélien Djani Tchouaméni,France,34.9,18.8,53.1,14.7,,,9.0,Incomplete
47,29201.0,Nahuel Molina Lucero,Argentina,66.8,64.5,80.3,54.5,5503.0,Lionel Andrés Messi Cuccittini,,
47,5503.0,Lionel Andrés Messi Cuccittini,Argentina,80.3,56.4,100.8,53.0,29560.0,Julián Álvarez,9.0,Incomplete
48,29201.0,Nahuel Molina Lucero,Argentina,104.9,80.0,97.6,72.2,7797.0,Rodrigo Javier De Paul,,
48,7797.0,Rodrigo Javier De Paul,Argentina,97.4,72.0,105.3,75.2,29201.0,Nahuel Molina Lucero,,
48,29201.0,Nahuel Molina Lucero,Argentina,105.3,75.2,104.4,68.6,29560.0,Julián Álvarez,,
48,29560.0,Julián Álvarez,Argentina,104.7,68.2,101.2,71.8,7797.0,Rodrigo Javier De Paul,9.0,Incomplete
48,3026.0,Adrien Rabiot,France,22.5,10.0,40.3,12.1,3009.0,Kylian Mbappé Lottin,,
48,20572.0,Cristian Gabriel Romero,Argentina,57.0,71.4,20.0,47.2,6909.0,Damián Emiliano Martínez,,
48,6909.0,Damián Emiliano Martínez,Argentina,18.9,48.1,22.1,23.0,3090.0,Nicolás Hernán Otamendi,,
48,3090.0,Nicolás Hernán Otamendi,Argentina,34.5,16.6,52.7,2.9,2995.0,Ángel Fabián Di María Hernández,,
48,22097.0,Randal Kolo Muani,France,64.6,73.7,47.1,56.4,5485.0,Raphaël Varane,,
48,5485.0,Raphaël Varane,France,40.0,40.2,50.7,56.0,10481.0,Aurélien Djani Tchouaméni,,
48,10481.0,Aurélien Djani Tchouaméni,France,50.9,56.9,44.3,29.7,8519.0,Dayotchanculle Upamecano,,
48,8519.0,Dayotchanculle Upamecano,France,53.3,25.8,44.3,41.9,5485.0,Raphaël Varane,,
49,5485.0,Raphaël Varane,France,47.7,45.5,50.9,55.1,10481.0,Aurélien Djani Tchouaméni,,
49,10481.0,Aurélien Djani Tchouaméni,France,52.7,49.4,52.4,28.8,8519.0,Dayotchanculle Upamecano,,
49,8519.0,Dayotchanculle Upamecano,France,63.1,24.8,78.1,5.5,2972.0,Marcus Thuram,,
49,6704.0,Theo Bernard François Hernández,France,94.6,0.1,75.8,6.4,8519.0,Dayotchanculle Upamecano,,
49,8519.0,Dayotchanculle Upamecano,France,76.6,7.2,56.7,27.5,5485.0,Raphaël Varane,,
49,5485.0,Raphaël Varane,France,55.2,34.8,63.6,59.8,4445.0,Jules Koundé,,
49,4445.0,Jules Koundé,France,70.8,65.2,83.5,76.7,5487.0,Antoine Griezmann,,
49,5487.0,Antoine Griezmann,France,81.8,75.7,65.1,63.9,5485.0,Raphaël Varane,,
49,5485.0,Raphaël Varane,France,68.9,60.3,99.5,37.4,2972.0,Marcus Thuram,9.0,Incomplete
49,20572.0,Cristian Gabriel Romero,Argentina,20.6,42.7,28.3,32.9,38718.0,Enzo Fernandez,,
49,38718.0,Enzo Fernandez,Argentina,29.8,33.1,28.5,23.5,27886.0,Alexis Mac Allister,,
49,38718.0,Enzo Fernandez,Argentina,36.4,22.4,36.4,19.8,,,9.0,Incomplete
50,5507.0,Nicolás Alejandro Tagliafico,Argentina,64.7,0.1,82.0,4.4,5503.0,Lionel Andrés Messi Cuccittini,9.0,Incomplete
50,5507.0,Nicolás Alejandro Tagliafico,Argentina,80.1,0.1,94.4,4.4,29560.0,Julián Álvarez,,
50,10481.0,Aurélien Djani Tchouaméni,France,26.6,70.8,18.7,63.5,8519.0,Dayotchanculle Upamecano,,
50,8519.0,Dayotchanculle Upamecano,France,18.2,61.3,52.0,68.4,,,9.0,Incomplete
50,3090.0,Nicolás Hernán Otamendi,Argentina,68.1,11.7,77.9,16.6,38718.0,Enzo Fernandez,,
50,38718.0,Enzo Fernandez,Argentina,79.0,16.0,81.8,19.4,,,9.0,Incomplete
50,5487.0,Antoine Griezmann,France,38.5,73.1,31.7,72.9,4445.0,Jules Koundé,,
50,4445.0,Jules Koundé,France,30.0,72.9,33.4,72.9,,,9.0,Incomplete
50,2995.0,Ángel Fabián Di María Hernández,Argentina,94.0,0.1,79.0,11.1,38718.0,Enzo Fernandez,,
50,38718.0,Enzo Fernandez,Argentina,76.9,13.4,82.4,24.3,5503.0,Lionel Andrés Messi Cuccittini,,
51,5503.0,Lionel Andrés Messi Cuccittini,Argentina,82.0,22.8,74.7,18.3,38718.0,Enzo Fernandez,,
51,38718.0,Enzo Fernandez,Argentina,68.7,19.8,53.5,42.5,20572.0,Cristian Gabriel Romero,,
51,20572.0,Cristian Gabriel Romero,Argentina,57.8,41.0,77.9,0.1,2995.0,Ángel Fabián Di María Hernández,75.0,Out
51,4445.0,Jules Koundé,France,42.0,80.0,40.7,72.9,10481.0,Aurélien Djani Tchouaméni,,
51,10481.0,Aurélien Djani Tchouaméni,France,39.2,74.2,54.4,74.8,22097.0,Randal Kolo Muani,,
52,5487.0,Antoine Griezmann,France,80.9,73.1,120.0,29.0,,,75.0,Out
45,5503.0,Lionel Andrés Messi Cuccittini,Argentina,61.0,40.1,47.5,37.6,38718.0,Enzo Fernandez,,
45,38718.0,Enzo Fernandez,Argentina,47.3,41.9,43.9,55.1,7797.0,Rodrigo Javier De Paul,,
45,7797.0,Rodrigo Javier De Paul,Argentina,43.7,51.3,30.4,29.0,3090.0,Nicolás Hernán Otamendi,,
45,3090.0,Nicolás Hernán Otamendi,Argentina,30.4,29.0,39.4,13.9,5507.0,Nicolás Alejandro Tagliafico,,
45,5507.0,Nicolás Alejandro Tagliafico,Argentina,39.2,13.9,63.4,3.4,2995.0,Ángel Fabián Di María Hernández,,
45,2995.0,Ángel Fabián Di María Hernández,Argentina,57.6,4.0,39.8,5.9,5507.0,Nicolás Alejandro Tagliafico,,
45,5507.0,Nicolás Alejandro Tagliafico,Argentina,38.3,7.4,25.9,17.1,3090.0,Nicolás Hernán Otamendi,,
45,3090.0,Nicolás Hernán Otamendi,Argentina,25.7,17.5,8.0,32.3,6909.0,Damián Emiliano Martínez,,
45,6909.0,Damián Emiliano Martínez,Argentina,6.7,30.8,50.7,7.2,,,9.0,Incomplete
45,4445.0,Jules Koundé,France,69.4,72.9,67.4,59.6,10481.0,Aurélien Djani Tchouaméni,,
45,10481.0,Aurélien Djani Tchouaméni,France,67.2,59.6,71.9,58.8,,,9.0,Incomplete
45,5503.0,Lionel Andrés Messi Cuccittini,Argentina,70.6,21.1,87.3,17.3,29560.0,Julián Álvarez,,
45,29560.0,Julián Álvarez,Argentina,97.0,29.3,98.4,57.4,7797.0,Rodrigo Javier De Paul,,
45,7797.0,Rodrigo Javier De Paul,Argentina,97.6,56.2,105.3,61.1,29560.0,Julián Álvarez,,
45,29560.0,Julián Álvarez,Argentina,100.1,62.8,88.2,54.7,38718.0,Enzo Fernandez,,
45,38718.0,Enzo Fernandez,Argentina,87.7,53.0,111.9,41.9,27886.0,Alexis Mac Allister,9.0,Incomplete
45,3099.0,Hugo Lloris,France,11.6,39.7,27.9,8.5,6704.0,Theo Bernard François Hernández,,
46,29201.0,Nahuel Molina Lucero,Argentina,80.3,80.0,90.9,68.8,29560.0,Julián Álvarez,9.0,Incomplete
46,2972.0,Marcus Thuram,France,36.6,11.7,23.4,42.7,4445.0,Jules Koundé,,
46,4445.0,Jules Koundé,France,61.9,71.2,65.7,70.9,,,9.0,Incomplete
46,10481.0,Aurélien Djani Tchouaméni,France,42.4,73.9,29.6,55.5,5485.0,Raphaël Varane,,
46,5485.0,Raphaël Varane,France,24.4,55.5,36.2,33.3,8519.0,Dayotchanculle Upamecano,,
46,8519.0,Dayotchanculle Upamecano,France,43.5,30.3,54.8,38.4,10481.0,Aurélien Djani Tchouaméni,,
46,10481.0,Aurélien Djani Tchouaméni,France,56.1,32.0,51.0,3.4,6704.0,Theo Bernard François Hernández,,
46,6704.0,Theo Bernard François Hernández,France,52.7,3.1,70.4,2.7,2972.0,Marcus Thuram,,
46,2972.0,Marcus Thuram,France,70.4,2.7,52.0,6.4,6704.0,Theo Bernard François Hernández,,
47,6704.0,Theo Bernard François Hernández,France,51.8,7.4,38.1,38.0,5485.0,Raphaël Varane,,
47,5485.0,Raphaël Varane,France,39.0,42.9,39.4,57.0,4445.0,Jules Koundé,,
47,4445.0,Jules Koundé,France,39.4,57.0,39.6,50.2,5485.0,Raphaël Varane,,
47,5485.0,Raphaël Varane,France,46.7,48.5,43.3,21.1,8519.0,Dayotchanculle Upamecano,,
47,8519.0,Dayotchanculle Upamecano,France,46.0,28.6,99.5,14.5,2972.0,Marcus Thuram,9.0,Incomplete
47,20572.0,Cristian Gabriel Romero,Argentina,20.6,65.6,29.6,69.7,7797.0,Rodrigo Javier De Paul,,
47,7797.0,Rodrigo Javier De Paul,Argentina,29.3,69.7,2.0,59.8,6909.0,Damián Emiliano Martínez,,
47,6909.0,Damián Emiliano Martínez,Argentina,16.3,50.9,95.4,80.0,29560.0,Julián Álvarez,75.0,Out
47,6704.0,Theo Bernard François Hernández,France,25.3,0.1,49.9,3.6,2972.0,Marcus Thuram,,
48,29201.0,Nahuel Molina Lucero,Argentina,79.4,80.0,100.4,65.2,5503.0,Lionel Andrés Messi Cuccittini,,
48,5503.0,Lionel Andrés Messi Cuccittini,Argentina,100.4,65.2,102.1,54.1,,,9.0,Incomplete
48,5485.0,Raphaël Varane,France,18.7,36.3,6.0,40.8,3099.0,Hugo Lloris,,
48,3099.0,Hugo Lloris,France,6.0,40.8,43.9,51.5,22097.0,Randal Kolo Muani,9.0,Incomplete
48,5507.0,Nicolás Alejandro Tagliafico,Argentina,79.8,14.9,96.1,13.2,,,9.0,Incomplete
48,4445.0,Jules Koundé,France,24.0,66.9,33.9,73.9,22097.0,Randal Kolo Muani,,
48,22097.0,Randal Kolo Muani,France,36.4,71.8,36.9,66.7,4445.0,Jules Koundé,9.0,Incomplete
48,4445.0,Jules Koundé,France,52.3,75.2,56.7,47.8,3009.0,Kylian Mbappé Lottin,9.0,Incomplete
48,20572.0,Cristian Gabriel Romero,Argentina,69.8,35.0,78.8,44.0,5503.0,Lionel Andrés Messi Cuccittini,,
48,5503.0,Lionel Andrés Messi Cuccittini,Argentina,81.3,32.9,99.7,22.4,2995.0,Ángel Fabián Di María Hernández,,
48,2995.0,Ángel Fabián Di María Hernández,Argentina,106.8,20.9,103.3,52.3,7797.0,Rodrigo Javier De Paul,,
48,3099.0,Hugo Lloris,France,12.0,39.7,30.6,31.4,5487.0,Antoine Griezmann,,
48,5487.0,Antoine Griezmann,France,30.6,31.4,30.2,6.8,6704.0,Theo Bernard François Hernández,,
49,6704.0,Theo Bernard François Hernández,France,48.2,8.3,43.1,13.2,5487.0,Antoine Griezmann,,
49,5487.0,Antoine Griezmann,France,43.1,13.2,56.3,3.4,3009.0,Kylian Mbappé Lottin,,
49,5487.0,Antoine Griezmann,France,73.6,22.0,77.5,35.4,4445.0,Jules Koundé,9.0,Incomplete
49,6909.0,Damián Emiliano Martínez,Argentina,2.8,56.6,20.8,74.6,29201.0,Nahuel Molina Lucero,,
49,29201.0,Nahuel Molina Lucero,Argentina,35.1,74.4,97.2,68.2,29560.0,Julián Álvarez,9.0,Incomplete
49,8519.0,Dayotchanculle Upamecano,France,22.9,11.9,7.8,28.2,3099.0,Hugo Lloris,,
49,3099.0,Hugo Lloris,France,7.8,28.2,47.5,22.2,3026.0,Adrien Rabiot,,
49,3026.0,Adrien Rabiot,France,47.5,22.2,55.0,22.6,5487.0,Antoine Griezmann,,
49,5487.0,Antoine Griezmann,France,55.0,22.6,66.6,13.4,3009.0,Kylian Mbappé Lottin,9.0,Incomplete
49,29201.0,Nahuel Molina Lucero,Argentina,53.5,66.7,65.1,64.6,7797.0,Rodrigo Javier De Paul,9.0,Incomplete
49,5487.0,Antoine Griezmann,France,55.0,15.5,54.4,20.7,3026.0,Adrien Rabiot,,
49,3026.0,Adrien Rabiot,France,55.7,16.0,65.3,7.0,3009.0,Kylian Mbappé Lottin,9.0,Incomplete
49,6704.0,Theo Bernard François Hernández,France,69.8,0.1,51.8,11.1,2972.0,Marcus Thuram,,
50,29201.0,Nahuel Molina Lucero,Argentina,67.6,80.0,75.1,75.2,5503.0,Lionel Andrés Messi Cuccittini,,
50,5503.0,Lionel Andrés Messi Cuccittini,Argentina,77.5,74.6,63.4,77.8,29201.0,Nahuel Molina Lucero,,
50,29201.0,Nahuel Molina Lucero,Argentina,61.6,77.2,15.2,55.4,6909.0,Damián Emiliano Martínez,,
50,6909.0,Damián Emiliano Martínez,Argentina,15.0,54.3,25.5,25.4,3090.0,Nicolás Hernán Otamendi,,
50,3090.0,Nicolás Hernán Otamendi,Argentina,31.3,22.8,44.7,5.7,5507.0,Nicolás Alejandro Tagliafico,,
50,5507.0,Nicolás Alejandro Tagliafico,Argentina,44.7,6.4,62.5,12.8,27886.0,Alexis Mac Allister,,
50,27886.0,Alexis Mac Allister,Argentina,62.5,13.0,60.8,13.4,5507.0,Nicolás Alejandro Tagliafico,9.0,Incomplete
50,27886.0,Alexis Mac Allister,Argentina,43.0,6.8,33.4,9.6,3090.0,Nicolás Hernán Otamendi,,
50,22097.0,Randal Kolo Muani,France,86.5,67.7,96.5,60.0,3009.0,Kylian Mbappé Lottin,,
51,5487.0,Antoine Griezmann,France,120.0,80.0,112.6,36.9,,,9.0,Incomplete
51,6909.0,Damián Emiliano Martínez,Argentina,15.4,46.2,36.0,75.7,2995.0,Ángel Fabián Di María Hernández,,
51,2995.0,Ángel Fabián Di María Hernández,Argentina,70.6,65.8,92.4,60.7,5503.0,Lionel Andrés Messi Cuccittini,,
51,5503.0,Lionel Andrés Messi Cuccittini,Argentina,92.4,60.9,111.9,70.1,7797.0,Rodrigo Javier De Paul,,
51,29201.0,Nahuel Molina Lucero,Argentina,110.8,80.0,107.4,72.5,7797.0,Rodrigo Javier De Paul,,
51,7797.0,Rodrigo Javier De Paul,Argentina,108.5,71.6,112.3,78.0,29201.0,Nahuel Molina Lucero,,
51,29201.0,Nahuel Molina Lucero,Argentina,112.8,77.0,113.8,73.1,,,9.0,Incomplete
52,5503.0,Lionel Andrés Messi Cuccittini,Argentina,120.0,80.0,117.9,49.8,,,9.0,Incomplete
53,29201.0,Nahuel Molina Lucero,Argentina,106.4,80.0,113.0,66.9,29560.0,Julián Álvarez,,
53,29560.0,Julián Álvarez,Argentina,114.1,71.0,108.9,74.6,,,9.0,Incomplete
53,2972.0,Marcus Thuram,France,5.2,7.0,62.1,17.9,,,9.0,Incomplete
53,3090.0,Nicolás Hernán Otamendi,Argentina,55.9,65.8,72.3,75.7,7797.0,Rodrigo Javier De Paul,,
53,7797.0,Rodrigo Javier De Paul,Argentina,68.3,75.2,34.3,30.3,6909.0,Damián Emiliano Martínez,,
53,6909.0,Damián Emiliano Martínez,Argentina,34.3,30.3,39.4,35.0,38718.0,Enzo Fernandez,,
53,38718.0,Enzo Fernandez,Argentina,39.4,35.0,59.3,11.7,,,9.0,Incomplete
53,4445.0,Jules Koundé,France,60.8,68.4,79.2,70.5,5487.0,Antoine Griezmann,,
53,5487.0,Antoine Griezmann,France,79.4,70.5,67.0,69.5,10481.0,Aurélien Djani Tchouaméni,,
53,10481.0,Aurélien Djani Tchouaméni,France,63.6,73.3,55.7,42.3,8519.0,Dayotchanculle Upamecano,,
53,8519.0,Dayotchanculle Upamecano,France,64.4,45.9,71.9,23.2,3026.0,Adrien Rabiot,,
53,3026.0,Adrien Rabiot,France,65.3,30.1,67.0,42.9,10481.0,Aurélien Djani Tchouaméni,,
53,10481.0,Aurélien Djani Tchouaméni,France,67.0,42.9,56.7,34.2,8519.0,Dayotchanculle Upamecano,,
53,8519.0,Dayotchanculle Upamecano,France,63.4,31.8,70.6,13.8,3009.0,Kylian Mbappé Lottin,,
53,3009.0,Kylian Mbappé Lottin,France,74.1,15.1,76.9,18.1,,,9.0,Incomplete
54,10481.0,Aurélien Djani Tchouaméni,France,80.7,19.8,94.0,2.3,6704.0,Theo Bernard François Hernández,,
54,6704.0,Theo Bernard François Hernández,France,94.0,2.3,90.1,9.8,10481.0,Aurélien Djani Tchouaméni,,
54,10481.0,Aurélien Djani Tchouaméni,France,90.1,12.1,100.0,15.3,6704.0,Theo Bernard François Hernández,9.0,Incomplete
54,7797.0,Rodrigo Javier De Paul,Argentina,22.5,71.8,31.3,77.8,38718.0,Enzo Fernandez,,
54,38718.0,Enzo Fernandez,Argentina,31.3,77.2,40.0,73.3,7797.0,Rodrigo Javier De Paul,,
55,7797.0,Rodrigo Javier De Paul,Argentina,53.5,76.5,33.0,72.9,20572.0,Cristian Gabriel Romero,,
55,20572.0,Cristian Gabriel Romero,Argentina,35.5,72.7,63.8,36.7,27886.0,Alexis Mac Allister,,
55,27886.0,Alexis Mac Allister,Argentina,64.2,37.0,76.6,26.0,,,9.0,Incomplete
56,4445.0,Jules Koundé,France,43.5,54.1,57.8,57.0,22097.0,Randal Kolo Muani,,
56,4445.0,Jules Koundé,France,59.1,57.3,63.2,65.2,10481.0,Aurélien Djani Tchouaméni,,
56,10481.0,Aurélien Djani Tchouaméni,France,63.2,65.2,52.9,37.8,8519.0,Dayotchanculle Upamecano,,
56,8519.0,Dayotchanculle Upamecano,France,52.7,33.9,62.5,6.4,6704.0,Theo Bernard François Hernández,,
56,6704.0,Theo Bernard François Hernández,France,61.9,3.1,62.1,11.7,3026.0,Adrien Rabiot,,
56,3026.0,Adrien Rabiot,France,64.4,10.6,56.5,2.3,6704.0,Theo Bernard François Hernández,,
56,6704.0,Theo Bernard François Hernández,France,56.5,2.3,40.9,13.0,8519.0,Dayotchanculle Upamecano,,
56,8519.0,Dayotchanculle Upamecano,France,40.9,15.5,42.4,49.6,5485.0,Raphaël Varane,,
56,5485.0,Raphaël Varane,France,42.4,49.6,37.9,20.9,8519.0,Dayotchanculle Upamecano,,
56,8519.0,Dayotchanculle Upamecano,France,47.5,29.7,62.7,69.2,4445.0,Jules Koundé,,
56,4445.0,Jules Koundé,France,114.7,73.5,115.1,70.1,,,9.0,Incomplete
57,4445.0,Jules Koundé,France,114.5,80.0,111.9,63.5,22097.0,Randal Kolo Muani,,
57,22097.0,Randal Kolo Muani,France,112.6,63.9,94.6,50.4,3026.0,Adrien Rabiot,,
57,3026.0,Adrien Rabiot,France,94.6,50.4,80.7,68.2,5485.0,Raphaël Varane,,
57,5485.0,Raphaël Varane,France,72.1,66.9,29.4,51.5,3099.0,Hugo Lloris,,
57,3099.0,Hugo Lloris,France,30.9,50.4,45.8,22.6,8519.0,Dayotchanculle Upamecano,,
57,8519.0,Dayotchanculle Upamecano,France,47.3,22.6,63.4,3.4,6704.0,Theo Bernard François Hernández,,
57,6704.0,Theo Bernard François Hernández,France,45.4,2.9,56.7,9.1,3009.0,Kylian Mbappé Lottin,,
57,38718.0,Enzo Fernandez,Argentina,58.4,67.1,63.8,74.6,7797.0,Rodrigo Javier De Paul,,
58,5503.0,Lionel Andrés Messi Cuccittini,Argentina,67.6,71.8,63.1,76.1,29201.0,Nahuel Molina Lucero,,
58,29201.0,Nahuel Molina Lucero,Argentina,63.4,74.2,89.9,11.9,,,9.0,Incomplete
58,4445.0,Jules Koundé,France,30.2,68.2,40.7,68.6,22097.0,Randal Kolo Muani,9.0,Incomplete
58,5507.0,Nicolás Alejandro Tagliafico,Argentina,79.4,11.5,82.8,16.0,2995.0,Ángel Fabián Di María Hernández,,
58,2995.0,Ángel Fabián Di María Hernández,Argentina,84.7,20.3,98.2,26.7,29560.0,Julián Álvarez,,
58,3099.0,Hugo Lloris,France,7.8,44.4,50.5,25.2,8519.0,Dayotchanculle Upamecano,,
58,8519.0,Dayotchanculle Upamecano,France,50.5,22.8,44.3,37.2,5485.0,Raphaël Varane,,
58,5485.0,Raphaël Varane,France,45.2,42.1,49.7,23.0,8519.0,Dayotchanculle Upamecano,,
58,8519.0,Dayotchanculle Upamecano,France,52.0,22.4,55.7,5.5,6704.0,Theo Bernard François Hernández,,
58,6704.0,Theo Bernard François Hernández,France,55.5,5.5,94.0,26.2,3009.0,Kylian Mbappé Lottin,76.0,Pass Offside
59,6909.0,Damián Emiliano Martínez,Argentina,29.6,48.5,81.1,5.9,,,9.0,Incomplete
59,4445.0,Jules Koundé,France,39.0,74.2,45.8,64.3,22097.0,Randal Kolo Muani,,
59,22097.0,Randal Kolo Muani,France,46.5,63.7,44.1,59.6,10481.0,Aurélien Djani Tchouaméni,,
59,10481.0,Aurélien Djani Tchouaméni,France,44.1,59.6,62.5,66.5,22097.0,Randal Kolo Muani,9.0,Incomplete
59,5507.0,Nicolás Alejandro Tagliafico,Argentina,57.6,13.6,76.6,8.9,2995.0,Ángel Fabián Di María Hernández,,
59,2995.0,Ángel Fabián Di María Hernández,Argentina,112.1,22.4,106.6,37.0,5503.0,Lionel Andrés Messi Cuccittini,,
60,3099.0,Hugo Lloris,France,6.0,36.0,83.7,65.0,22097.0,Randal Kolo Muani,9.0,Incomplete
60,5507.0,Nicolás Alejandro Tagliafico,Argentina,36.4,15.1,39.4,22.0,38718.0,Enzo Fernandez,,
60,38718.0,Enzo Fernandez,Argentina,39.4,22.0,70.6,20.1,29560.0,Julián Álvarez,77.0,Unknown
60,8519.0,Dayotchanculle Upamecano,France,50.8,60.3,66.4,11.3,6704.0,Theo Bernard François Hernández,,
61,29201.0,Nahuel Molina Lucero,Argentina,40.3,80.0,46.5,73.3,7797.0,Rodrigo Javier De Paul,,
61,7797.0,Rodrigo Javier De Paul,Argentina,46.5,73.3,37.3,77.6,29201.0,Nahuel Molina Lucero,,
61,29201.0,Nahuel Molina Lucero,Argentina,37.3,77.6,37.0,69.0,38718.0,Enzo Fernandez,,
61,38718.0,Enzo Fernandez,Argentina,36.4,69.3,46.5,75.5,7797.0,Rodrigo Javier De Paul,,
61,7797.0,Rodrigo Javier De Paul,Argentina,45.4,74.2,70.6,80.0,5503.0,Lionel Andrés Messi Cuccittini,75.0,Out
61,6704.0,Theo Bernard François Hernández,France,52.0,0.1,48.4,6.4,8519.0,Dayotchanculle Upamecano,,
61,8519.0,Dayotchanculle Upamecano,France,34.5,12.1,36.4,35.9,5485.0,Raphaël Varane,,
61,5485.0,Raphaël Varane,France,36.2,38.9,32.1,60.7,4445.0,Jules Koundé,,
61,4445.0,Jules Koundé,France,32.1,60.7,14.0,38.2,3099.0,Hugo Lloris,,
61,3099.0,Hugo Lloris,France,14.0,38.0,24.7,25.6,8519.0,Dayotchanculle Upamecano,,
61,8519.0,Dayotchanculle Upamecano,France,36.9,25.6,44.3,4.0,6704.0,Theo Bernard François Hernández,,
61,6704.0,Theo Bernard François Hernández,France,49.3,3.6,64.0,3.6,2972.0,Marcus Thuram,,
61,2972.0,Marcus Thuram,France,64.2,3.4,67.4,9.3,3026.0,Adrien Rabiot,,
61,38718.0,Enzo Fernandez,Argentina,42.2,68.2,46.7,74.4,,,9.0,Incomplete
61,2972.0,Marcus Thuram,France,85.4,21.1,85.6,35.0,5487.0,Antoine Griezmann,,
61,5487.0,Antoine Griezmann,France,85.4,32.0,105.1,14.9,6704.0,Theo Bernard François Hernández,,
61,6704.0,Theo Bernard François Hernández,France,104.9,14.9,113.2,36.1,,,9.0,Incomplete
62,6704.0,Theo Bernard François Hernández,France,86.0,0.1,77.1,16.2,10481.0,Aurélien Djani Tchouaméni,,
62,10481.0,Aurélien Djani Tchouaméni,France,77.1,16.2,68.5,49.3,5485.0,Raphaël Varane,,
62,5485.0,Raphaël Varane,France,80.5,58.5,90.5,54.3,22097.0,Randal Kolo Muani,,
62,27886.0,Alexis Mac Allister,Argentina,57.8,35.5,57.8,45.5,5503.0,Lionel Andrés Messi Cuccittini,,
62,5503.0,Lionel Andrés Messi Cuccittini,Argentina,64.0,43.4,90.5,25.8,29560.0,Julián Álvarez,,
62,29560.0,Julián Álvarez,Argentina,90.5,25.6,111.9,43.6,27886.0,Alexis Mac Allister,9.0,Incomplete
62,4445.0,Jules Koundé,France,19.3,50.2,32.4,25.8,3026.0,Adrien Rabiot,,
62,3026.0,Adrien Rabiot,France,35.1,21.5,55.9,23.5,2972.0,Marcus Thuram,,
62,2972.0,Marcus Thuram,France,53.5,25.4,51.0,31.4,5487.0,Antoine Griezmann,,
62,10481.0,Aurélien Djani Tchouaméni,France,52.5,26.5,57.4,11.9,6704.0,Theo Bernard François Hernández,,
62,6704.0,Theo Bernard François Hernández,France,61.2,7.8,71.3,2.5,3009.0,Kylian Mbappé Lottin,,
62,3009.0,Kylian Mbappé Lottin,France,71.3,2.5,68.1,14.3,5487.0,Antoine Griezmann,,
63,5487.0,Antoine Griezmann,France,73.4,16.2,84.3,14.9,3026.0,Adrien Rabiot,,
63,3026.0,Adrien Rabiot,France,84.3,14.7,89.5,9.6,3009.0,Kylian Mbappé Lottin,,
63,3009.0,Kylian Mbappé Lottin,France,97.6,17.7,102.7,17.5,5487.0,Antoine Griezmann,9.0,Incomplete
63,3026.0,Adrien Rabiot,France,92.0,9.8,83.7,14.7,10481.0,Aurélien Djani Tchouaméni,,
63,10481.0,Aurélien Djani Tchouaméni,France,76.4,23.0,113.6,63.2,4445.0,Jules Koundé,,
64,6909.0,Damián Emiliano Martínez,Argentina,7.0,36.1,71.5,13.6,,,9.0,Incomplete
64,22097.0,Randal Kolo Muani,France,48.6,66.5,62.9,69.7,,,9.0,Incomplete
64,5507.0,Nicolás Alejandro Tagliafico,Argentina,56.9,10.4,57.2,20.7,38718.0,Enzo Fernandez,,
64,38718.0,Enzo Fernandez,Argentina,57.2,20.7,40.0,17.7,3090.0,Nicolás Hernán Otamendi,,
64,3090.0,Nicolás Hernán Otamendi,Argentina,40.0,18.3,34.5,29.9,20572.0,Cristian Gabriel Romero,,
64,20572.0,Cristian Gabriel Romero,Argentina,35.1,30.1,35.5,14.7,3090.0,Nicolás Hernán Otamendi,,
64,3090.0,Nicolás Hernán Otamendi,Argentina,35.5,12.6,46.2,4.0,5507.0,Nicolás Alejandro Tagliafico,,
64,5507.0,Nicolás Alejandro Tagliafico,Argentina,46.2,5.1,71.3,22.0,29560.0,Julián Álvarez,,
64,29560.0,Julián Álvarez,Argentina,71.3,22.0,68.3,29.3,5503.0,Lionel Andrés Messi Cuccittini,,
64,5503.0,Lionel Andrés Messi Cuccittini,Argentina,74.7,19.8,87.1,5.3,19597.0,Marcos Javier Acuña,,
64,19597.0,Marcos Javier Acuña,Argentina,87.1,5.3,82.0,17.7,27886.0,Alexis Mac Allister,,
64,27886.0,Alexis Mac Allister,Argentina,94.6,19.2,102.1,14.1,19597.0,Marcos Javier Acuña,,
64,19597.0,Marcos Javier Acuña,Argentina,102.9,14.1,93.1,10.9,5503.0,Lionel Andrés Messi Cuccittini,,
64,5503.0,Lionel Andrés Messi Cuccittini,Argentina,97.8,9.6,100.1,24.3,27886.0,Alexis Mac Allister,,
64,27886.0,Alexis Mac Allister,Argentina,100.4,24.3,104.4,26.0,,,9.0,Incomplete
64,10481.0,Aurélien Djani Tchouaméni,France,6.7,54.3,1.8,47.0,3099.0,Hugo Lloris,,
64,3099.0,Hugo Lloris,France,1.8,47.0,29.4,64.1,,,9.0,Incomplete
64,5507.0,Nicolás Alejandro Tagliafico,Argentina,90.7,16.0,105.9,15.6,,,9.0,Incomplete
64,4445.0,Jules Koundé,France,5.4,70.9,7.8,71.2,,,9.0,Incomplete
65,3099.0,Hugo Lloris,France,6.0,44.0,80.1,60.3,,,9.0,Incomplete
65,3090.0,Nicolás Hernán Otamendi,Argentina,40.0,19.8,57.2,28.0,,,9.0,Incomplete
65,10481.0,Aurélien Djani Tchouaméni,France,62.9,52.1,74.3,47.4,5487.0,Antoine Griezmann,,
65,5487.0,Antoine Griezmann,France,74.3,47.4,62.5,42.5,3026.0,Adrien Rabiot,,
65,3026.0,Adrien Rabiot,France,53.3,38.2,45.6,49.8,5485.0,Raphaël Varane,,
65,5485.0,Raphaël Varane,France,45.6,49.8,57.4,6.4,6704.0,Theo Bernard François Hernández,,
65,6704.0,Theo Bernard François Hernández,France,63.2,5.9,54.4,13.6,3026.0,Adrien Rabiot,,
65,3026.0,Adrien Rabiot,France,53.3,15.1,48.8,25.6,8519.0,Dayotchanculle Upamecano,,
65,8519.0,Dayotchanculle Upamecano,France,53.1,29.2,106.8,15.5,3009.0,Kylian Mbappé Lottin,9.0,Incomplete
65,7797.0,Rodrigo Javier De Paul,Argentina,20.1,64.6,6.9,65.6,29201.0,Nahuel Molina Lucero,,
65,29201.0,Nahuel Molina Lucero,Argentina,6.7,65.6,14.2,80.0,,,75.0,Out
65,5487.0,Antoine Griezmann,France,105.9,0.1,89.7,5.3,6704.0,Theo Bernard François Hernández,,
65,6704.0,Theo Bernard François Hernández,France,89.7,5.3,89.5,11.3,3026.0,Adrien Rabiot,,
65,3026.0,Adrien Rabiot,France,92.9,10.0,102.9,2.7,5487.0,Antoine Griezmann,,
66,5487.0,Antoine Griezmann,France,107.2,3.1,117.3,73.9,22097.0,Randal Kolo Muani,,
66,22097.0,Randal Kolo Muani,France,117.3,73.9,105.5,76.1,4445.0,Jules Koundé,,
66,4445.0,Jules Koundé,France,105.7,76.1,109.1,74.8,22097.0,Randal Kolo Muani,9.0,Incomplete
66,5507.0,Nicolás Alejandro Tagliafico,Argentina,11.0,5.3,16.1,10.2,19597.0,Marcos Javier Acuña,,
66,27886.0,Alexis Mac Allister,Argentina,3.0,8.9,33.6,19.6,,,9.0,Incomplete
66,10481.0,Aurélien Djani Tchouaméni,France,87.3,65.8,62.9,62.4,5485.0,Raphaël Varane,,
66,5485.0,Raphaël Varane,France,52.7,53.4,23.4,34.2,3099.0,Hugo Lloris,,
66,3099.0,Hugo Lloris,France,23.2,34.2,33.0,55.3,5485.0,Raphaël Varane,,
66,5485.0,Raphaël Varane,France,33.2,57.7,47.1,63.9,10481.0,Aurélien Djani Tchouaméni,,
66,10481.0,Aurélien Djani Tchouaméni,France,49.9,68.4,64.0,76.1,4445.0,Jules Koundé,,
66,4445.0,Jules Koundé,France,64.0,76.1,41.8,58.3,5485.0,Raphaël Varane,,
66,5485.0,Raphaël Varane,France,42.8,57.0,54.4,51.7,5487.0,Antoine Griezmann,,
66,5487.0,Antoine Griezmann,France,54.4,51.7,48.2,25.2,8519.0,Dayotchanculle Upamecano,,
66,8519.0,Dayotchanculle Upamecano,France,48.2,25.8,63.4,19.2,5487.0,Antoine Griezmann,,
66,5487.0,Antoine Griezmann,France,64.2,18.1,75.4,3.6,6704.0,Theo Bernard François Hernández,,
66,6704.0,Theo Bernard François Hernández,France,75.4,3.6,75.1,9.8,5487.0,Antoine Griezmann,,
66,5487.0,Antoine Griezmann,France,75.1,9.8,94.2,3.4,6704.0,Theo Bernard François Hernández,,
66,6704.0,Theo Bernard François Hernández,France,93.7,3.6,107.9,36.3,2972.0,Marcus Thuram,9.0,Incomplete
67,5487.0,Antoine Griezmann,France,120.0,0.1,113.4,34.6,22097.0,Randal Kolo Muani,,
68,6909.0,Damián Emiliano Martínez,Argentina,7.0,44.1,74.7,30.1,,,9.0,Incomplete
68,10481.0,Aurélien Djani Tchouaméni,France,45.4,50.0,67.7,39.9,2972.0,Marcus Thuram,9.0,Incomplete
68,20572.0,Cristian Gabriel Romero,Argentina,52.4,40.2,64.9,44.7,7797.0,Rodrigo Javier De Paul,,
68,3026.0,Adrien Rabiot,France,54.4,28.0,64.7,17.5,3009.0,Kylian Mbappé Lottin,,
68,3009.0,Kylian Mbappé Lottin,France,67.0,18.1,63.6,23.0,5487.0,Antoine Griezmann,,
68,5487.0,Antoine Griezmann,France,63.6,23.0,76.4,5.7,,,9.0,Incomplete
68,7797.0,Rodrigo Javier De Paul,Argentina,43.7,74.4,41.3,64.3,38718.0,Enzo Fernandez,,
68,38718.0,Enzo Fernandez,Argentina,46.9,59.4,57.2,46.2,27886.0,Alexis Mac Allister,,
68,27886.0,Alexis Mac Allister,Argentina,57.2,46.2,50.9,56.6,38718.0,Enzo Fernandez,,
68,38718.0,Enzo Fernandez,Argentina,50.1,55.6,54.4,64.1,5503.0,Lionel Andrés Messi Cuccittini,,
68,5503.0,Lionel Andrés Messi Cuccittini,Argentina,57.6,59.6,48.8,53.9,38718.0,Enzo Fernandez,,
68,38718.0,Enzo Fernandez,Argentina,43.9,49.6,39.2,30.8,3090.0,Nicolás Hernán Otamendi,,
68,3090.0,Nicolás Hernán Otamendi,Argentina,40.0,27.5,50.7,15.4,5507.0,Nicolás Alejandro Tagliafico,,
68,5507.0,Nicolás Alejandro Tagliafico,Argentina,50.9,11.1,66.8,5.1,19597.0,Marcos Javier Acuña,9.0,Incomplete
68,2972.0,Marcus Thuram,France,70.2,62.2,75.1,68.6,22097.0,Randal Kolo Muani,,
68,22097.0,Randal Kolo Muani,France,75.1,68.6,70.2,70.5,4445.0,Jules Koundé,,
68,4445.0,Jules Koundé,France,70.2,70.5,77.3,57.5,2972.0,Marcus Thuram,,
68,10481.0,Aurélien Djani Tchouaméni,France,71.9,62.8,63.8,33.7,3026.0,Adrien Rabiot,,
68,3026.0,Adrien Rabiot,France,62.9,28.6,77.1,16.8,3009.0,Kylian Mbappé Lottin,,
68,3009.0,Kylian Mbappé Lottin,France,79.0,17.0,109.4,3.4,6704.0,Theo Bernard François Hernández,,
68,6704.0,Theo Bernard François Hernández,France,109.6,5.3,111.7,29.7,,,9.0,Incomplete
68,8519.0,Dayotchanculle Upamecano,France,67.0,21.1,69.8,13.6,3026.0,Adrien Rabiot,9.0,Incomplete
69,3026.0,Adrien Rabiot,France,62.3,13.6,66.4,21.3,10481.0,Aurélien Djani Tchouaméni,,
69,10481.0,Aurélien Djani Tchouaméni,France,77.9,14.3,92.7,15.8,3009.0,Kylian Mbappé Lottin,,
69,3009.0,Kylian Mbappé Lottin,France,92.9,15.8,94.0,10.8,10481.0,Aurélien Djani Tchouaméni,,
69,7797.0,Rodrigo Javier De Paul,Argentina,17.2,75.0,29.3,72.0,5503.0,Lionel Andrés Messi Cuccittini,,
69,5503.0,Lionel Andrés Messi Cuccittini,Argentina,32.6,72.9,73.2,77.0,7797.0,Rodrigo Javier De Paul,9.0,Incomplete
69,6704.0,Theo Bernard François Hernández,France,46.9,3.1,20.2,25.8,3099.0,Hugo Lloris,,
69,3099.0,Hugo Lloris,France,25.3,32.4,39.4,50.2,5485.0,Raphaël Varane,,
69,5485.0,Raphaël Varane,France,62.5,56.8,57.4,69.5,4445.0,Jules Koundé,,
69,4445.0,Jules Koundé,France,57.4,69.5,44.6,33.5,8519.0,Dayotchanculle Upamecano,,
69,8519.0,Dayotchanculle Upamecano,France,45.0,30.3,59.7,10.4,10481.0,Aurélien Djani Tchouaméni,,
69,10481.0,Aurélien Djani Tchouaméni,France,69.6,9.3,82.8,3.4,6704.0,Theo Bernard François Hernández,,
69,6704.0,Theo Bernard François Hernández,France,83.7,4.2,100.8,12.3,5487.0,Antoine Griezmann,9.0,Incomplete
69,20572.0,Cristian Gabriel Romero,Argentina,19.3,67.8,27.2,74.8,29201.0,Nahuel Molina Lucero,,
69,29201.0,Nahuel Molina Lucero,Argentina,27.2,74.8,19.9,67.1,20572.0,Cristian Gabriel Romero,,
69,20572.0,Cristian Gabriel Romero,Argentina,19.9,67.1,39.0,66.9,,,9.0,Incomplete
69,10481.0,Aurélien Djani Tchouaméni,France,78.3,17.9,68.1,21.5,3026.0,Adrien Rabiot,,
70,3026.0,Adrien Rabiot,France,72.6,18.1,81.3,3.4,6704.0,Theo Bernard François Hernández,,
70,6704.0,Theo Bernard François Hernández,France,81.3,3.4,98.2,3.4,3009.0,Kylian Mbappé Lottin,,
70,3009.0,Kylian Mbappé Lottin,France,98.9,8.7,101.0,12.3,3026.0,Adrien Rabiot,9.0,Incomplete
70,6909.0,Damián Emiliano Martínez,Argentina,7.0,44.1,75.1,7.7,,,9.0,Incomplete
71,4445.0,Jules Koundé,France,45.0,72.4,54.0,75.2,8217.0,Kingsley Coman,,
71,29560.0,Julián Álvarez,Argentina,75.1,6.6,68.1,13.0,27886.0,Alexis Mac Allister,,
71,27886.0,Alexis Mac Allister,Argentina,88.4,15.6,100.1,7.4,19597.0,Marcos Javier Acuña,,
71,19597.0,Marcos Javier Acuña,Argentina,100.4,7.4,112.6,14.7,27886.0,Alexis Mac Allister,,
71,27886.0,Alexis Mac Allister,Argentina,112.6,7.9,99.5,9.6,5503.0,Lionel Andrés Messi Cuccittini,,
71,5503.0,Lionel Andrés Messi Cuccittini,Argentina,106.8,23.9,98.2,31.8,38718.0,Enzo Fernandez,,
71,3099.0,Hugo Lloris,France,10.1,38.6,34.7,18.8,3026.0,Adrien Rabiot,,
71,3026.0,Adrien Rabiot,France,60.0,14.5,62.7,4.4,24778.0,Eduardo Camavinga,,
71,24778.0,Eduardo Camavinga,France,45.2,2.7,35.1,11.5,8519.0,Dayotchanculle Upamecano,,
71,8519.0,Dayotchanculle Upamecano,France,31.5,12.3,34.5,35.7,5485.0,Raphaël Varane,,
71,5485.0,Raphaël Varane,France,43.5,43.8,52.0,69.9,4445.0,Jules Koundé,,
72,4445.0,Jules Koundé,France,63.6,70.9,62.7,55.5,10481.0,Aurélien Djani Tchouaméni,,
72,10481.0,Aurélien Djani Tchouaméni,France,57.8,45.5,65.1,39.7,3026.0,Adrien Rabiot,,
72,3026.0,Adrien Rabiot,France,66.8,38.9,48.0,51.5,5485.0,Raphaël Varane,,
72,5485.0,Raphaël Varane,France,48.0,51.5,56.5,22.6,8519.0,Dayotchanculle Upamecano,,
72,8519.0,Dayotchanculle Upamecano,France,56.5,22.6,83.9,4.6,22097.0,Randal Kolo Muani,,
72,22097.0,Randal Kolo Muani,France,92.0,8.1,82.4,22.0,10481.0,Aurélien Djani Tchouaméni,,
72,10481.0,Aurélien Djani Tchouaméni,France,83.1,22.0,105.3,46.8,3009.0,Kylian Mbappé Lottin,9.0,Incomplete
72,24778.0,Eduardo Camavinga,France,58.5,0.1,48.0,5.5,8519.0,Dayotchanculle Upamecano,,
72,8519.0,Dayotchanculle Upamecano,France,54.4,8.3,48.0,47.0,5485.0,Raphaël Varane,,
72,5485.0,Raphaël Varane,France,70.0,52.3,79.0,74.2,4445.0,Jules Koundé,,
72,4445.0,Jules Koundé,France,79.0,74.2,93.7,72.2,8217.0,Kingsley Coman,,
72,8217.0,Kingsley Coman,France,93.5,80.0,78.3,71.4,3026.0,Adrien Rabiot,,
72,3026.0,Adrien Rabiot,France,78.3,71.4,82.6,73.7,8217.0,Kingsley Coman,,
72,8217.0,Kingsley Coman,France,83.9,75.0,61.9,61.8,5485.0,Raphaël Varane,,
73,5485.0,Raphaël Varane,France,61.9,58.8,64.2,34.2,8519.0,Dayotchanculle Upamecano,,
73,8519.0,Dayotchanculle Upamecano,France,82.8,19.2,97.4,21.1,3009.0,Kylian Mbappé Lottin,9.0,Incomplete
74,6909.0,Damián Emiliano Martínez,Argentina,36.4,62.6,92.0,63.3,,,9.0,Incomplete
74,8519.0,Dayotchanculle Upamecano,France,28.1,16.8,45.0,14.5,,,9.0,Incomplete
74,20572.0,Cristian Gabriel Romero,Argentina,17.6,76.3,19.7,68.0,38718.0,Enzo Fernandez,,
74,38718.0,Enzo Fernandez,Argentina,19.7,68.0,33.0,75.9,7797.0,Rodrigo Javier De Paul,,
74,7797.0,Rodrigo Javier De Paul,Argentina,45.0,70.5,90.9,64.8,29560.0,Julián Álvarez,,
74,29560.0,Julián Álvarez,Argentina,108.9,74.2,95.9,75.9,29201.0,Nahuel Molina Lucero,,
74,29201.0,Nahuel Molina Lucero,Argentina,92.9,77.0,86.7,55.6,,,9.0,Incomplete
74,8217.0,Kingsley Coman,France,47.1,29.2,42.6,50.2,5485.0,Raphaël Varane,,
74,5485.0,Raphaël Varane,France,67.4,57.9,79.6,79.7,4445.0,Jules Koundé,75.0,Out
75,5507.0,Nicolás Alejandro Tagliafico,Argentina,48.4,0.1,71.9,6.2,5503.0,Lionel Andrés Messi Cuccittini,9.0,Incomplete
75,5507.0,Nicolás Alejandro Tagliafico,Argentina,61.4,0.1,56.1,33.3,29560.0,Julián Álvarez,,
75,2972.0,Marcus Thuram,France,54.2,38.2,70.9,59.6,,,9.0,Incomplete
75,3090.0,Nicolás Hernán Otamendi,Argentina,59.9,22.0,81.3,38.2,,,9.0,Incomplete
75,24778.0,Eduardo Camavinga,France,41.6,34.2,54.6,18.5,2972.0,Marcus Thuram,,
75,2972.0,Marcus Thuram,France,62.9,16.4,55.9,32.9,10481.0,Aurélien Djani Tchouaméni,,
76,10481.0,Aurélien Djani Tchouaméni,France,78.6,29.7,92.3,15.8,3009.0,Kylian Mbappé Lottin,9.0,Incomplete
76,29201.0,Nahuel Molina Lucero,Argentina,27.8,64.3,43.5,61.8,5503.0,Lionel Andrés Messi Cuccittini,,
76,5503.0,Lionel Andrés Messi Cuccittini,Argentina,49.0,66.5,73.0,73.7,7797.0,Rodrigo Javier De Paul,,
76,29201.0,Nahuel Molina Lucero,Argentina,79.4,76.5,64.6,73.3,5503.0,Lionel Andrés Messi Cuccittini,,
76,5503.0,Lionel Andrés Messi Cuccittini,Argentina,85.6,72.7,75.8,68.0,29201.0,Nahuel Molina Lucero,,
76,29201.0,Nahuel Molina Lucero,Argentina,75.8,68.2,86.7,75.7,5503.0,Lionel Andrés Messi Cuccittini,,
76,5503.0,Lionel Andrés Messi Cuccittini,Argentina,86.7,76.1,95.9,77.8,7797.0,Rodrigo Javier De Paul,,
76,7797.0,Rodrigo Javier De Paul,Argentina,95.2,55.4,87.3,55.4,27886.0,Alexis Mac Allister,,
76,27886.0,Alexis Mac Allister,Argentina,87.3,55.4,80.3,51.3,38718.0,Enzo Fernandez,,
76,38718.0,Enzo Fernandez,Argentina,80.0,51.3,87.3,69.7,5503.0,Lionel Andrés Messi Cuccittini,,
77,5503.0,Lionel Andrés Messi Cuccittini,Argentina,92.9,64.8,108.5,59.2,7797.0,Rodrigo Javier De Paul,,
77,7797.0,Rodrigo Javier De Paul,Argentina,112.1,59.8,117.9,42.1,19597.0,Marcos Javier Acuña,9.0,Incomplete
77,3099.0,Hugo Lloris,France,13.7,42.7,82.2,55.3,,,9.0,Incomplete
77,38718.0,Enzo Fernandez,Argentina,49.2,15.4,55.0,12.6,19597.0,Marcos Javier Acuña,,
77,19597.0,Marcos Javier Acuña,Argentina,55.2,11.7,52.0,26.5,27886.0,Alexis Mac Allister,,
77,27886.0,Alexis Mac Allister,Argentina,66.6,28.2,55.9,25.4,38718.0,Enzo Fernandez,,
77,38718.0,Enzo Fernandez,Argentina,55.9,27.5,69.1,67.3,7797.0,Rodrigo Javier De Paul,,
77,7797.0,Rodrigo Javier De Paul,Argentina,69.1,67.3,48.0,66.9,29201.0,Nahuel Molina Lucero,,
77,29201.0,Nahuel Molina Lucero,Argentina,48.0,66.9,57.6,61.1,38718.0,Enzo Fernandez,,
77,38718.0,Enzo Fernandez,Argentina,57.6,61.1,66.1,74.0,7797.0,Rodrigo Javier De Paul,,
77,7797.0,Rodrigo Javier De Paul,Argentina,66.1,74.0,58.4,64.8,38718.0,Enzo Fernandez,,
77,38718.0,Enzo Fernandez,Argentina,63.4,66.7,58.4,76.1,7797.0,Rodrigo Javier De Paul,,
77,7797.0,Rodrigo Javier De Paul,Argentina,61.4,76.1,70.0,76.3,5503.0,Lionel Andrés Messi Cuccittini,,
77,24778.0,Eduardo Camavinga,France,50.8,4.2,54.6,4.4,,,9.0,Incomplete
78,29201.0,Nahuel Molina Lucero,Argentina,69.1,80.0,69.6,66.9,38718.0,Enzo Fernandez,,
78,38718.0,Enzo Fernandez,Argentina,70.8,66.0,70.0,75.2,29201.0,Nahuel Molina Lucero,,
78,29201.0,Nahuel Molina Lucero,Argentina,70.0,75.2,74.9,75.5,,,9.0,Incomplete
78,29201.0,Nahuel Molina Lucero,Argentina,74.9,75.5,80.7,70.3,,,9.0,Incomplete
78,24778.0,Eduardo Camavinga,France,39.4,9.8,60.2,7.8,3009.0,Kylian Mbappé Lottin,,
78,3009.0,Kylian Mbappé Lottin,France,60.2,7.6,90.3,18.1,22097.0,Randal Kolo Muani,,
79,29560.0,Julián Álvarez,Argentina,61.0,40.1,44.3,40.2,7797.0,Rodrigo Javier De Paul,,
79,7797.0,Rodrigo Javier De Paul,Argentina,44.3,40.2,50.1,66.0,29201.0,Nahuel Molina Lucero,,
79,29201.0,Nahuel Molina Lucero,Argentina,43.5,76.3,22.7,56.4,20572.0,Cristian Gabriel Romero,,
79,20572.0,Cristian Gabriel Romero,Argentina,20.6,50.9,20.6,30.3,3090.0,Nicolás Hernán Otamendi,,
79,3090.0,Nicolás Hernán Otamendi,Argentina,19.1,28.6,6.0,37.0,6909.0,Damián Emiliano Martínez,,
80,6909.0,Damián Emiliano Martínez,Argentina,6.0,37.0,51.4,4.9,19597.0,Marcos Javier Acuña,,
80,19597.0,Marcos Javier Acuña,Argentina,51.2,4.9,62.5,0.8,29560.0,Julián Álvarez,75.0,Out
80,4445.0,Jules Koundé,France,56.5,80.0,38.8,50.8,8519.0,Dayotchanculle Upamecano,,
80,8519.0,Dayotchanculle Upamecano,France,55.7,35.2,55.9,11.1,24778.0,Eduardo Camavinga,,
80,24778.0,Eduardo Camavinga,France,55.9,11.1,66.8,2.3,2972.0,Marcus Thuram,,
80,2972.0,Marcus Thuram,France,68.7,2.7,54.6,5.5,24778.0,Eduardo Camavinga,,
80,24778.0,Eduardo Camavinga,France,54.6,5.5,44.1,23.7,8519.0,Dayotchanculle Upamecano,,
80,8519.0,Dayotchanculle Upamecano,France,66.2,64.1,100.0,27.5,,,9.0,Incomplete
80,20572.0,Cristian Gabriel Romero,Argentina,20.1,52.6,39.0,56.4,7797.0,Rodrigo Javier De Paul,9.0,Incomplete
80,24778.0,Eduardo Camavinga,France,81.1,23.7,73.6,32.9,3026.0,Adrien Rabiot,9.0,Incomplete
80,8217.0,Kingsley Coman,France,84.8,71.2,78.8,58.3,3026.0,Adrien Rabiot,,
80,3026.0,Adrien Rabiot,France,79.2,54.1,93.1,24.1,3009.0,Kylian Mbappé Lottin,,
80,3009.0,Kylian Mbappé Lottin,France,93.1,24.1,94.8,36.3,2972.0,Marcus Thuram,,
80,2972.0,Marcus Thuram,France,94.8,36.3,104.8,30.1,3009.0,Kylian Mbappé Lottin,,
82,5503.0,Lionel Andrés Messi Cuccittini,Argentina,61.0,40.1,46.5,43.4,38718.0,Enzo Fernandez,,
82,38718.0,Enzo Fernandez,Argentina,50.3,45.5,47.3,59.2,7797.0,Rodrigo Javier De Paul,,
82,7797.0,Rodrigo Javier De Paul,Argentina,47.3,59.2,28.7,59.0,20572.0,Cristian Gabriel Romero,,
82,20572.0,Cristian Gabriel Romero,Argentina,28.7,59.0,43.9,49.4,38718.0,Enzo Fernandez,,
82,38718.0,Enzo Fernandez,Argentina,44.7,48.1,40.7,17.7,5507.0,Nicolás Alejandro Tagliafico,,
82,5507.0,Nicolás Alejandro Tagliafico,Argentina,40.3,14.5,55.4,5.1,19597.0,Marcos Javier Acuña,,
82,19597.0,Marcos Javier Acuña,Argentina,55.4,5.1,95.2,9.2,27886.0,Alexis Mac Allister,9.0,Incomplete
82,5507.0,Nicolás Alejandro Tagliafico,Argentina,89.5,0.1,112.3,8.3,29560.0,Julián Álvarez,,
83,29560.0,Julián Álvarez,Argentina,110.2,7.2,98.2,5.3,5507.0,Nicolás Alejandro Tagliafico,,
83,5507.0,Nicolás Alejandro Tagliafico,Argentina,98.2,5.3,99.3,11.3,29560.0,Julián Álvarez,,
83,29560.0,Julián Álvarez,Argentina,91.6,14.7,89.2,32.7,7797.0,Rodrigo Javier De Paul,,
83,7797.0,Rodrigo Javier De Paul,Argentina,88.6,29.5,94.8,23.9,29560.0,Julián Álvarez,,
83,29560.0,Julián Álvarez,Argentina,96.7,22.4,99.1,19.0,5507.0,Nicolás Alejandro Tagliafico,9.0,Incomplete
83,29560.0,Julián Álvarez,Argentina,107.0,17.5,114.1,11.7,19597.0,Marcos Javier Acuña,,
83,19597.0,Marcos Javier Acuña,Argentina,107.8,14.7,90.9,31.2,38718.0,Enzo Fernandez,,
83,20572.0,Cristian Gabriel Romero,Argentina,70.6,48.5,80.3,57.9,29201.0,Nahuel Molina Lucero,,
83,29201.0,Nahuel Molina Lucero,Argentina,80.3,57.9,96.3,55.4,,,9.0,Incomplete
83,24778.0,Eduardo Camavinga,France,23.8,24.7,46.7,32.2,,,9.0,Incomplete
83,3090.0,Nicolás Hernán Otamendi,Argentina,78.8,50.0,79.0,58.6,7797.0,Rodrigo Javier De Paul,,
83,3026.0,Adrien Rabiot,France,42.0,17.7,47.3,15.1,,,9.0,Incomplete
83,20572.0,Cristian Gabriel Romero,Argentina,45.0,75.7,47.1,72.0,7797.0,Rodrigo Javier De Paul,,
83,7797.0,Rodrigo Javier De Paul,Argentina,48.6,71.8,55.4,63.1,38718.0,Enzo Fernandez,,
83,38718.0,Enzo Fernandez,Argentina,63.8,59.2,74.7,53.2,29560.0,Julián Álvarez,,
83,29560.0,Julián Álvarez,Argentina,74.7,53.2,75.3,63.9,5503.0,Lionel Andrés Messi Cuccittini,,
83,5503.0,Lionel Andrés Messi Cuccittini,Argentina,75.8,60.3,77.9,57.1,29560.0,Julián Álvarez,9.0,Incomplete
84,2972.0,Marcus Thuram,France,91.0,19.0,108.9,15.1,3009.0,Kylian Mbappé Lottin,,
84,3009.0,Kylian Mbappé Lottin,France,108.3,20.3,120.0,57.3,,,75.0,Out
84,6909.0,Damián Emiliano Martínez,Argentina,7.0,36.1,73.8,25.8,,,77.0,Unknown
84,3026.0,Adrien Rabiot,France,46.3,50.0,46.7,66.2,4445.0,Jules Koundé,,
84,4445.0,Jules Koundé,France,46.7,66.2,39.6,55.3,5485.0,Raphaël Varane,,
84,5485.0,Raphaël Varane,France,42.6,57.3,45.4,71.8,4445.0,Jules Koundé,,
84,4445.0,Jules Koundé,France,45.4,71.2,40.9,59.6,5485.0,Raphaël Varane,,
84,5485.0,Raphaël Varane,France,40.7,60.5,12.3,39.7,3099.0,Hugo Lloris,,
85,3099.0,Hugo Lloris,France,23.4,29.7,78.8,13.4,2972.0,Marcus Thuram,,
85,2972.0,Marcus Thuram,France,78.8,13.4,93.5,16.8,,,9.0,Incomplete
85,20572.0,Cristian Gabriel Romero,Argentina,26.6,63.3,56.3,60.9,,,9.0,Incomplete
85,10481.0,Aurélien Djani Tchouaméni,France,68.3,19.2,70.2,10.8,3026.0,Adrien Rabiot,,
85,3026.0,Adrien Rabiot,France,70.2,10.8,48.4,18.1,8519.0,Dayotchanculle Upamecano,,
85,8519.0,Dayotchanculle Upamecano,France,53.5,21.8,51.2,56.0,4445.0,Jules Koundé,,
85,4445.0,Jules Koundé,France,51.8,56.0,47.5,45.5,5485.0,Raphaël Varane,,
85,5485.0,Raphaël Varane,France,52.3,38.9,67.0,29.5,3026.0,Adrien Rabiot,,
85,3026.0,Adrien Rabiot,France,67.0,29.5,49.5,17.5,8519.0,Dayotchanculle Upamecano,,
85,8519.0,Dayotchanculle Upamecano,France,49.3,10.6,39.2,64.1,4445.0,Jules Koundé,,
85,4445.0,Jules Koundé,France,46.7,75.7,76.0,67.7,,,77.0,Unknown
86,3009.0,Kylian Mbappé Lottin,France,74.7,63.0,75.8,67.7,4445.0,Jules Koundé,,
86,4445.0,Jules Koundé,France,76.4,67.1,80.3,61.5,3009.0,Kylian Mbappé Lottin,,
86,3009.0,Kylian Mbappé Lottin,France,80.3,61.5,99.3,47.4,,,9.0,Incomplete
86,22097.0,Randal Kolo Muani,France,98.0,32.9,107.9,31.8,,,9.0,Incomplete
86,22097.0,Randal Kolo Muani,France,96.7,30.7,100.4,24.1,2972.0,Marcus Thuram,,
86,2972.0,Marcus Thuram,France,101.2,23.9,106.4,28.4,3026.0,Adrien Rabiot,,
86,3026.0,Adrien Rabiot,France,104.0,25.2,106.6,27.3,2972.0,Marcus Thuram,,
87,6909.0,Damián Emiliano Martínez,Argentina,18.4,51.7,85.2,69.9,,,77.0,Unknown
89,24778.0,Eduardo Camavinga,France,34.9,10.2,30.6,47.8,5485.0,Raphaël Varane,,
89,5485.0,Raphaël Varane,France,44.8,52.6,97.4,19.0,,,9.0,Incomplete
89,24778.0,Eduardo Camavinga,France,99.5,0.1,87.3,5.1,3026.0,Adrien Rabiot,,
89,3026.0,Adrien Rabiot,France,89.7,3.8,109.4,36.5,,,9.0,Incomplete
89,7797.0,Rodrigo Javier De Paul,Argentina,21.9,69.7,32.3,66.7,5503.0,Lionel Andrés Messi Cuccittini,9.0,Incomplete
89,3026.0,Adrien Rabiot,France,87.8,13.4,92.0,25.6,3009.0,Kylian Mbappé Lottin,,
89,3009.0,Kylian Mbappé Lottin,France,92.3,25.4,111.9,65.6,8217.0,Kingsley Coman,,
89,8217.0,Kingsley Coman,France,111.7,68.8,69.8,61.8,4445.0,Jules Koundé,,
90,4445.0,Jules Koundé,France,70.4,59.8,54.6,42.1,5485.0,Raphaël Varane,,
90,5485.0,Raphaël Varane,France,54.8,39.9,56.7,14.9,8519.0,Dayotchanculle Upamecano,,
90,8519.0,Dayotchanculle Upamecano,France,56.3,19.4,54.0,56.8,4445.0,Jules Koundé,,
90,4445.0,Jules Koundé,France,52.9,60.9,75.8,73.1,8217.0,Kingsley Coman,,
90,20572.0,Cristian Gabriel Romero,Argentina,25.5,28.6,62.9,26.9,29560.0,Julián Álvarez,,
90,29560.0,Julián Álvarez,Argentina,61.9,35.2,67.0,45.1,5503.0,Lionel Andrés Messi Cuccittini,9.0,Incomplete
90,8519.0,Dayotchanculle Upamecano,France,53.1,35.0,83.3,28.8,2972.0,Marcus Thuram,76.0,Pass Offside
90,20572.0,Cristian Gabriel Romero,Argentina,36.8,51.3,52.0,51.1,38718.0,Enzo Fernandez,,
90,38718.0,Enzo Fernandez,Argentina,57.6,49.8,96.9,22.2,19597.0,Marcos Javier Acuña,9.0,Incomplete
90,4445.0,Jules Koundé,France,23.2,57.9,39.2,55.8,,,9.0,Incomplete
90,5507.0,Nicolás Alejandro Tagliafico,Argentina,80.9,24.3,101.2,13.0,19597.0,Marcos Javier Acuña,,
90,19597.0,Marcos Javier Acuña,Argentina,101.2,13.0,120.0,23.1,5507.0,Nicolás Alejandro Tagliafico,75.0,Out
91,3099.0,Hugo Lloris,France,6.0,44.0,74.7,25.6,22097.0,Randal Kolo Muani,,
91,22097.0,Randal Kolo Muani,France,74.7,25.6,82.6,25.2,2972.0,Marcus Thuram,,
92,3009.0,Kylian Mbappé Lottin,France,86.7,18.1,106.2,30.7,,,9.0,Incomplete
92,7797.0,Rodrigo Javier De Paul,Argentina,20.1,28.0,18.4,13.9,19597.0,Marcos Javier Acuña,,
92,19597.0,Marcos Javier Acuña,Argentina,18.0,13.9,21.6,13.9,,,9.0,Incomplete
92,5507.0,Nicolás Alejandro Tagliafico,Argentina,44.5,0.1,25.7,10.4,3090.0,Nicolás Hernán Otamendi,,
92,3090.0,Nicolás Hernán Otamendi,Argentina,21.9,25.0,25.9,58.8,29201.0,Nahuel Molina Lucero,,
92,29201.0,Nahuel Molina Lucero,Argentina,31.7,63.3,62.5,75.7,7797.0,Rodrigo Javier De Paul,,
93,8217.0,Kingsley Coman,France,120.0,0.1,113.0,38.0,,,9.0,Incomplete
93,10481.0,Aurélien Djani Tchouaméni,France,91.6,33.7,89.3,19.4,24778.0,Eduardo Camavinga,,
93,24778.0,Eduardo Camavinga,France,90.1,18.3,98.7,2.9,8217.0,Kingsley Coman,,
93,24778.0,Eduardo Camavinga,France,113.6,19.8,108.9,28.5,3026.0,Adrien Rabiot,,
93,20572.0,Cristian Gabriel Romero,Argentina,3.7,42.5,2.2,45.5,6909.0,Damián Emiliano Martínez,,
93,6909.0,Damián Emiliano Martínez,Argentina,4.3,44.0,21.2,57.9,38718.0,Enzo Fernandez,,
94,38718.0,Enzo Fernandez,Argentina,45.2,51.9,49.7,62.2,29560.0,Julián Álvarez,,
94,29560.0,Julián Álvarez,Argentina,51.6,59.4,53.5,69.3,29201.0,Nahuel Molina Lucero,,
94,29201.0,Nahuel Molina Lucero,Argentina,54.8,70.3,65.7,77.8,5503.0,Lionel Andrés Messi Cuccittini,,
94,29201.0,Nahuel Molina Lucero,Argentina,89.7,80.0,96.3,64.3,5503.0,Lionel Andrés Messi Cuccittini,,
94,5503.0,Lionel Andrés Messi Cuccittini,Argentina,94.6,61.1,86.0,61.3,20572.0,Cristian Gabriel Romero,,
94,20572.0,Cristian Gabriel Romero,Argentina,85.8,61.6,97.8,67.1,29201.0,Nahuel Molina Lucero,9.0,Incomplete
94,24778.0,Eduardo Camavinga,France,22.3,13.0,44.8,2.7,3009.0,Kylian Mbappé Lottin,,
95,3009.0,Kylian Mbappé Lottin,France,79.4,4.6,95.5,21.5,22097.0,Randal Kolo Muani,,
95,3009.0,Kylian Mbappé Lottin,France,110.9,23.5,113.4,23.9,22097.0,Randal Kolo Muani,,
95,29201.0,Nahuel Molina Lucero,Argentina,24.0,71.2,43.9,76.1,7797.0,Rodrigo Javier De Paul,,
95,7797.0,Rodrigo Javier De Paul,Argentina,43.7,76.1,39.4,60.3,38718.0,Enzo Fernandez,,
95,38718.0,Enzo Fernandez,Argentina,44.1,59.0,52.7,66.3,5503.0,Lionel Andrés Messi Cuccittini,,
95,5503.0,Lionel Andrés Messi Cuccittini,Argentina,83.0,51.3,102.9,13.6,19597.0,Marcos Javier Acuña,,
95,19597.0,Marcos Javier Acuña,Argentina,99.9,25.8,111.5,20.9,5507.0,Nicolás Alejandro Tagliafico,,
95,5507.0,Nicolás Alejandro Tagliafico,Argentina,111.5,20.9,108.3,30.3,,,9.0,Incomplete
95,10481.0,Aurélien Djani Tchouaméni,France,31.5,53.0,49.7,71.8,4445.0,Jules Koundé,,
96,4445.0,Jules Koundé,France,55.9,73.3,45.2,61.1,5485.0,Raphaël Varane,,
96,5485.0,Raphaël Varane,France,45.6,55.3,46.9,49.6,10481.0,Aurélien Djani Tchouaméni,,
96,10481.0,Aurélien Djani Tchouaméni,France,48.4,41.2,24.2,34.6,3099.0,Hugo Lloris,,
96,3099.0,Hugo Lloris,France,26.6,31.8,79.6,16.8,2972.0,Marcus Thuram,,
96,2972.0,Marcus Thuram,France,79.6,16.8,89.9,38.2,22097.0,Randal Kolo Muani,9.0,Incomplete
96,3090.0,Nicolás Hernán Otamendi,Argentina,30.2,41.9,37.3,50.0,38718.0,Enzo Fernandez,,
96,38718.0,Enzo Fernandez,Argentina,37.3,50.0,47.5,37.0,27886.0,Alexis Mac Allister,,
96,27886.0,Alexis Mac Allister,Argentina,52.0,34.8,69.3,12.8,19597.0,Marcos Javier Acuña,,
96,19597.0,Marcos Javier Acuña,Argentina,70.2,12.8,95.4,9.2,29560.0,Julián Álvarez,,
96,29560.0,Julián Álvarez,Argentina,95.4,8.1,89.5,31.0,7797.0,Rodrigo Javier De Paul,,
96,7797.0,Rodrigo Javier De Paul,Argentina,89.5,31.0,92.0,54.7,5503.0,Lionel Andrés Messi Cuccittini,,
97,5503.0,Lionel Andrés Messi Cuccittini,Argentina,120.0,0.1,113.4,35.9,,,9.0,Incomplete
97,5485.0,Raphaël Varane,France,24.4,52.3,42.0,36.1,10481.0,Aurélien Djani Tchouaméni,,
97,10481.0,Aurélien Djani Tchouaméni,France,48.6,49.1,55.0,34.2,3026.0,Adrien Rabiot,,
97,3026.0,Adrien Rabiot,France,66.4,11.1,64.2,28.0,10481.0,Aurélien Djani Tchouaméni,,
98,10481.0,Aurélien Djani Tchouaméni,France,62.7,33.5,65.9,58.1,4445.0,Jules Koundé,,
98,4445.0,Jules Koundé,France,73.4,63.0,84.3,74.4,8217.0,Kingsley Coman,,
98,8217.0,Kingsley Coman,France,116.2,66.7,115.4,55.5,,,9.0,Incomplete
98,27886.0,Alexis Mac Allister,Argentina,6.7,19.6,20.6,31.2,38718.0,Enzo Fernandez,,
98,38718.0,Enzo Fernandez,Argentina,21.0,28.8,34.5,30.3,5503.0,Lionel Andrés Messi Cuccittini,,
98,5503.0,Lionel Andrés Messi Cuccittini,Argentina,30.4,27.5,79.4,11.3,29560.0,Julián Álvarez,,
98,29560.0,Julián Álvarez,Argentina,110.6,23.3,99.5,33.5,5503.0,Lionel Andrés Messi Cuccittini,,
98,5503.0,Lionel Andrés Messi Cuccittini,Argentina,101.4,35.2,102.9,47.9,7797.0,Rodrigo Javier De Paul,,
98,7797.0,Rodrigo Javier De Paul,Argentina,102.9,47.7,105.1,36.5,5503.0,Lionel Andrés Messi Cuccittini,9.0,Incomplete
98,10481.0,Aurélien Djani Tchouaméni,France,15.0,43.6,23.8,47.8,24778.0,Eduardo Camavinga,,
90,22097.0,Randal Kolo Muani,France,61.0,40.1,51.6,43.2,10481.0,Aurélien Djani Tchouaméni,,
90,10481.0,Aurélien Djani Tchouaméni,France,52.0,42.5,49.7,30.3,3026.0,Adrien Rabiot,,
90,3026.0,Adrien Rabiot,France,51.6,19.8,52.2,8.5,24778.0,Eduardo Camavinga,,
90,24778.0,Eduardo Camavinga,France,52.0,9.2,39.2,20.1,8519.0,Dayotchanculle Upamecano,,
90,8519.0,Dayotchanculle Upamecano,France,44.5,23.1,39.2,59.0,4445.0,Jules Koundé,,
90,4445.0,Jules Koundé,France,39.4,60.1,77.9,74.8,8217.0,Kingsley Coman,9.0,Incomplete
90,5507.0,Nicolás Alejandro Tagliafico,Argentina,42.2,5.3,40.7,13.6,27886.0,Alexis Mac Allister,,
90,27886.0,Alexis Mac Allister,Argentina,42.4,13.6,30.4,14.1,3090.0,Nicolás Hernán Otamendi,,
90,3090.0,Nicolás Hernán Otamendi,Argentina,30.2,14.1,33.9,23.5,38718.0,Enzo Fernandez,,
90,38718.0,Enzo Fernandez,Argentina,36.0,25.6,44.6,19.2,27886.0,Alexis Mac Allister,,
90,27886.0,Alexis Mac Allister,Argentina,64.0,16.2,76.6,23.2,29560.0,Julián Álvarez,9.0,Incomplete
90,20572.0,Cristian Gabriel Romero,Argentina,36.2,45.1,62.7,33.7,,,9.0,Incomplete
90,10481.0,Aurélien Djani Tchouaméni,France,57.4,46.4,81.3,40.2,,,9.0,Incomplete
90,20572.0,Cristian Gabriel Romero,Argentina,38.8,39.9,45.6,37.4,38718.0,Enzo Fernandez,,
90,38718.0,Enzo Fernandez,Argentina,45.2,36.3,50.1,46.6,7797.0,Rodrigo Javier De Paul,77.0,Unknown
91,20572.0,Cristian Gabriel Romero,Argentina,53.3,44.2,85.2,2.5,19597.0,Marcos Javier Acuña,,
91,19597.0,Marcos Javier Acuña,Argentina,77.3,4.6,55.0,14.9,3090.0,Nicolás Hernán Otamendi,,
91,3090.0,Nicolás Hernán Otamendi,Argentina,52.7,16.6,44.3,47.0,20572.0,Cristian Gabriel Romero,,
91,20572.0,Cristian Gabriel Romero,Argentina,42.6,50.2,74.7,74.6,28263.0,Gonzalo Ariel Montiel,,
91,28263.0,Gonzalo Ariel Montiel,Argentina,84.6,73.3,75.8,71.8,5503.0,Lionel Andrés Messi Cuccittini,,
91,5503.0,Lionel Andrés Messi Cuccittini,Argentina,79.8,72.0,72.8,58.3,38718.0,Enzo Fernandez,,
91,38718.0,Enzo Fernandez,Argentina,71.5,53.4,68.5,66.0,28263.0,Gonzalo Ariel Montiel,,
91,28263.0,Gonzalo Ariel Montiel,Argentina,71.1,67.7,77.5,74.4,5503.0,Lionel Andrés Messi Cuccittini,,
91,5503.0,Lionel Andrés Messi Cuccittini,Argentina,78.3,73.9,90.3,74.8,7797.0,Rodrigo Javier De Paul,,
91,7797.0,Rodrigo Javier De Paul,Argentina,86.9,72.9,78.8,59.8,38718.0,Enzo Fernandez,,
91,38718.0,Enzo Fernandez,Argentina,83.9,54.5,94.6,4.6,19597.0,Marcos Javier Acuña,,
92,19597.0,Marcos Javier Acuña,Argentina,101.4,4.2,110.9,37.2,,,9.0,Incomplete
92,3099.0,Hugo Lloris,France,7.0,44.1,85.4,75.7,8217.0,Kingsley Coman,9.0,Incomplete
92,5507.0,Nicolás Alejandro Tagliafico,Argentina,34.7,4.4,43.9,17.9,27886.0,Alexis Mac Allister,,
92,27886.0,Alexis Mac Allister,Argentina,40.5,14.7,48.4,9.6,19597.0,Marcos Javier Acuña,,
92,19597.0,Marcos Javier Acuña,Argentina,49.0,8.9,51.2,20.7,27886.0,Alexis Mac Allister,,
92,27886.0,Alexis Mac Allister,Argentina,59.3,19.0,55.9,41.0,7797.0,Rodrigo Javier De Paul,,
92,7797.0,Rodrigo Javier De Paul,Argentina,74.3,37.4,84.3,54.7,5503.0,Lionel Andrés Messi Cuccittini,,
93,24778.0,Eduardo Camavinga,France,22.7,14.5,25.5,66.0,4445.0,Jules Koundé,,
93,4445.0,Jules Koundé,France,29.6,66.0,27.0,49.2,5485.0,Raphaël Varane,,
93,5485.0,Raphaël Varane,France,27.8,47.2,38.8,30.8,3026.0,Adrien Rabiot,,
93,3026.0,Adrien Rabiot,France,45.2,35.0,34.7,48.7,5485.0,Raphaël Varane,,
93,5485.0,Raphaël Varane,France,45.8,52.8,52.0,74.8,4445.0,Jules Koundé,,
93,4445.0,Jules Koundé,France,52.0,74.8,45.2,65.0,10481.0,Aurélien Djani Tchouaméni,,
93,10481.0,Aurélien Djani Tchouaméni,France,44.7,65.0,48.2,76.7,4445.0,Jules Koundé,,
93,4445.0,Jules Koundé,France,47.7,77.8,11.6,54.1,3099.0,Hugo Lloris,,
93,3099.0,Hugo Lloris,France,12.2,50.2,80.5,31.2,2972.0,Marcus Thuram,,
93,2972.0,Marcus Thuram,France,80.5,31.2,94.6,35.5,3009.0,Kylian Mbappé Lottin,9.0,Incomplete
93,3090.0,Nicolás Hernán Otamendi,Argentina,25.5,44.6,37.9,48.5,20572.0,Cristian Gabriel Romero,,
93,20572.0,Cristian Gabriel Romero,Argentina,38.3,51.7,67.0,54.7,,,9.0,Incomplete
93,8519.0,Dayotchanculle Upamecano,France,50.1,24.1,59.7,17.7,10481.0,Aurélien Djani Tchouaméni,,
93,10481.0,Aurélien Djani Tchouaméni,France,62.5,18.8,63.4,8.1,24778.0,Eduardo Camavinga,,
93,24778.0,Eduardo Camavinga,France,67.2,7.2,48.8,17.7,8519.0,Dayotchanculle Upamecano,,
93,8519.0,Dayotchanculle Upamecano,France,49.0,20.1,54.4,25.6,3026.0,Adrien Rabiot,,
94,3026.0,Adrien Rabiot,France,73.0,60.9,86.2,53.4,22097.0,Randal Kolo Muani,,
94,20572.0,Cristian Gabriel Romero,Argentina,25.3,32.4,37.5,50.0,7797.0,Rodrigo Javier De Paul,,
94,38718.0,Enzo Fernandez,Argentina,36.6,54.1,52.3,36.5,29560.0,Julián Álvarez,,
94,29560.0,Julián Álvarez,Argentina,51.6,34.8,47.1,15.3,19597.0,Marcos Javier Acuña,,
94,19597.0,Marcos Javier Acuña,Argentina,46.3,16.2,33.4,24.5,3090.0,Nicolás Hernán Otamendi,,
94,3090.0,Nicolás Hernán Otamendi,Argentina,35.1,20.0,45.0,16.0,19597.0,Marcos Javier Acuña,,
94,19597.0,Marcos Javier Acuña,Argentina,48.4,15.8,13.3,34.6,6909.0,Damián Emiliano Martínez,,
94,6909.0,Damián Emiliano Martínez,Argentina,11.6,32.4,74.3,7.4,,,77.0,Unknown
95,5485.0,Raphaël Varane,France,46.5,74.2,43.9,20.7,24778.0,Eduardo Camavinga,,
95,24778.0,Eduardo Camavinga,France,46.7,13.0,55.4,21.3,11990.0,Youssouf Fofana,,
95,11990.0,Youssouf Fofana,France,55.9,21.6,54.8,11.7,24778.0,Eduardo Camavinga,,
95,24778.0,Eduardo Camavinga,France,55.0,11.5,76.4,6.2,2972.0,Marcus Thuram,,
95,2972.0,Marcus Thuram,France,76.0,7.0,70.2,12.6,24778.0,Eduardo Camavinga,,
95,10481.0,Aurélien Djani Tchouaméni,France,69.3,27.8,74.7,14.7,11990.0,Youssouf Fofana,,
95,11990.0,Youssouf Fofana,France,75.5,13.2,68.9,31.0,10481.0,Aurélien Djani Tchouaméni,,
95,10481.0,Aurélien Djani Tchouaméni,France,64.2,44.7,61.2,68.0,4445.0,Jules Koundé,,
95,4445.0,Jules Koundé,France,63.4,67.5,56.9,51.5,5485.0,Raphaël Varane,,
95,5485.0,Raphaël Varane,France,56.9,49.8,63.8,46.6,11990.0,Youssouf Fofana,,
95,11990.0,Youssouf Fofana,France,57.8,45.7,55.2,33.1,8519.0,Dayotchanculle Upamecano,,
95,8519.0,Dayotchanculle Upamecano,France,56.9,31.2,60.4,10.6,24778.0,Eduardo Camavinga,,
95,24778.0,Eduardo Camavinga,France,61.0,10.0,54.6,18.6,8519.0,Dayotchanculle Upamecano,,
95,8519.0,Dayotchanculle Upamecano,France,57.2,22.2,89.7,19.8,3009.0,Kylian Mbappé Lottin,76.0,Pass Offside
96,3090.0,Nicolás Hernán Otamendi,Argentina,30.2,62.6,41.6,32.2,38718.0,Enzo Fernandez,,
96,38718.0,Enzo Fernandez,Argentina,44.6,44.9,48.6,57.0,7797.0,Rodrigo Javier De Paul,,
96,7797.0,Rodrigo Javier De Paul,Argentina,47.1,54.9,42.0,27.7,3090.0,Nicolás Hernán Otamendi,,
96,3090.0,Nicolás Hernán Otamendi,Argentina,40.7,25.2,49.5,10.0,5507.0,Nicolás Alejandro Tagliafico,,
96,5507.0,Nicolás Alejandro Tagliafico,Argentina,47.5,8.7,39.0,18.1,3090.0,Nicolás Hernán Otamendi,,
96,3090.0,Nicolás Hernán Otamendi,Argentina,38.8,20.7,41.8,29.2,38718.0,Enzo Fernandez,,
96,38718.0,Enzo Fernandez,Argentina,39.8,35.7,53.7,42.3,7797.0,Rodrigo Javier De Paul,,
96,7797.0,Rodrigo Javier De Paul,Argentina,54.8,42.1,73.0,47.0,5503.0,Lionel Andrés Messi Cuccittini,,
96,5503.0,Lionel Andrés Messi Cuccittini,Argentina,73.6,46.8,78.8,30.1,27886.0,Alexis Mac Allister,,
96,27886.0,Alexis Mac Allister,Argentina,80.5,29.2,100.4,4.9,19597.0,Marcos Javier Acuña,,
96,19597.0,Marcos Javier Acuña,Argentina,114.7,4.2,109.6,42.5,,,9.0,Incomplete
97,7797.0,Rodrigo Javier De Paul,Argentina,100.0,57.5,119.8,19.8,,,75.0,Out
97,3099.0,Hugo Lloris,France,7.0,36.1,85.4,50.6,,,9.0,Incomplete
97,3090.0,Nicolás Hernán Otamendi,Argentina,34.7,29.5,46.0,13.2,19597.0,Marcos Javier Acuña,,
97,8217.0,Kingsley Coman,France,92.2,72.5,107.6,45.3,,,9.0,Incomplete
98,6909.0,Damián Emiliano Martínez,Argentina,10.8,30.7,19.7,23.2,3090.0,Nicolás Hernán Otamendi,,
98,3090.0,Nicolás Hernán Otamendi,Argentina,20.8,23.2,20.6,52.1,20572.0,Cristian Gabriel Romero,,
98,20572.0,Cristian Gabriel Romero,Argentina,20.6,52.3,34.3,52.1,38718.0,Enzo Fernandez,,
98,38718.0,Enzo Fernandez,Argentina,35.8,62.2,43.7,75.2,28263.0,Gonzalo Ariel Montiel,,
98,28263.0,Gonzalo Ariel Montiel,Argentina,43.7,75.2,35.1,70.5,38718.0,Enzo Fernandez,,
98,38718.0,Enzo Fernandez,Argentina,21.0,48.9,25.3,46.6,27886.0,Alexis Mac Allister,,
98,27886.0,Alexis Mac Allister,Argentina,25.3,47.6,34.1,73.1,7797.0,Rodrigo Javier De Paul,,
98,7797.0,Rodrigo Javier De Paul,Argentina,39.4,75.2,65.5,75.7,5503.0,Lionel Andrés Messi Cuccittini,9.0,Incomplete
98,24778.0,Eduardo Camavinga,France,50.7,7.9,64.0,19.4,10481.0,Aurélien Djani Tchouaméni,,
98,10481.0,Aurélien Djani Tchouaméni,France,65.1,20.3,88.0,24.3,3009.0,Kylian Mbappé Lottin,,
98,29560.0,Julián Álvarez,Argentina,18.9,54.3,5.0,69.5,7797.0,Rodrigo Javier De Paul,,
99,7797.0,Rodrigo Javier De Paul,Argentina,5.0,69.5,21.5,74.4,29560.0,Julián Álvarez,,
99,28263.0,Gonzalo Ariel Montiel,Argentina,7.3,75.4,9.7,75.0,,,9.0,Incomplete
99,8217.0,Kingsley Coman,France,111.1,6.2,108.1,37.4,,,9.0,Incomplete
100,8217.0,Kingsley Coman,France,120.0,0.1,115.5,28.4,,,9.0,Incomplete
100,11990.0,Youssouf Fofana,France,88.4,50.0,94.6,72.3,4445.0,Jules Koundé,,
100,4445.0,Jules Koundé,France,97.4,72.3,106.6,40.2,5485.0,Raphaël Varane,76.0,Pass Offside
101,6909.0,Damián Emiliano Martínez,Argentina,13.1,40.8,22.9,54.3,20572.0,Cristian Gabriel Romero,,
101,20572.0,Cristian Gabriel Romero,Argentina,24.4,60.5,55.2,73.9,28263.0,Gonzalo Ariel Montiel,,
101,28263.0,Gonzalo Ariel Montiel,Argentina,67.2,75.0,68.3,70.9,,,9.0,Incomplete
101,2972.0,Marcus Thuram,France,50.5,10.6,73.2,7.4,22097.0,Randal Kolo Muani,,
102,38718.0,Enzo Fernandez,Argentina,51.6,68.0,45.2,60.9,20572.0,Cristian Gabriel Romero,,
102,20572.0,Cristian Gabriel Romero,Argentina,44.6,58.3,38.8,28.8,3090.0,Nicolás Hernán Otamendi,,
102,3090.0,Nicolás Hernán Otamendi,Argentina,38.6,28.2,36.0,50.4,20572.0,Cristian Gabriel Romero,,
102,20572.0,Cristian Gabriel Romero,Argentina,36.2,55.3,41.6,71.4,38718.0,Enzo Fernandez,,
102,38718.0,Enzo Fernandez,Argentina,40.1,71.6,54.2,74.2,28263.0,Gonzalo Ariel Montiel,,
102,28263.0,Gonzalo Ariel Montiel,Argentina,54.4,73.7,65.1,66.5,38718.0,Enzo Fernandez,9.0,Incomplete
102,11990.0,Youssouf Fofana,France,55.0,23.9,105.9,44.9,,,9.0,Incomplete
102,6909.0,Damián Emiliano Martínez,Argentina,12.9,34.6,23.6,25.2,3090.0,Nicolás Hernán Otamendi,,
102,3090.0,Nicolás Hernán Otamendi,Argentina,24.7,26.7,22.3,44.2,16308.0,Leandro Daniel Paredes,,
102,16308.0,Leandro Daniel Paredes,Argentina,37.7,46.1,39.6,70.7,20572.0,Cristian Gabriel Romero,,
103,20572.0,Cristian Gabriel Romero,Argentina,50.8,66.5,92.9,23.2,19597.0,Marcos Javier Acuña,9.0,Incomplete
103,4445.0,Jules Koundé,France,27.2,56.9,41.8,58.6,8217.0,Kingsley Coman,9.0,Incomplete
103,27886.0,Alexis Mac Allister,Argentina,75.8,9.6,55.0,19.2,16308.0,Leandro Daniel Paredes,,
103,16308.0,Leandro Daniel Paredes,Argentina,51.2,22.4,65.7,37.4,38718.0,Enzo Fernandez,,
103,38718.0,Enzo Fernandez,Argentina,65.3,37.4,66.8,30.5,27886.0,Alexis Mac Allister,,
103,27886.0,Alexis Mac Allister,Argentina,70.4,31.2,71.7,38.9,38718.0,Enzo Fernandez,,
103,38718.0,Enzo Fernandez,Argentina,67.7,43.4,58.9,32.9,16308.0,Leandro Daniel Paredes,,
103,16308.0,Leandro Daniel Paredes,Argentina,64.9,35.2,90.1,21.8,19597.0,Marcos Javier Acuña,,
103,19597.0,Marcos Javier Acuña,Argentina,108.1,20.7,119.8,44.2,,,75.0,Out
104,3099.0,Hugo Lloris,France,7.0,36.1,68.3,31.6,,,9.0,Incomplete
104,27886.0,Alexis Mac Allister,Argentina,51.8,48.5,68.1,49.1,11456.0,Lautaro Javier Martínez,,
104,11456.0,Lautaro Javier Martínez,Argentina,74.3,47.8,73.0,58.5,38718.0,Enzo Fernandez,,
104,38718.0,Enzo Fernandez,Argentina,77.9,54.7,80.1,40.6,27886.0,Alexis Mac Allister,,
104,27886.0,Alexis Mac Allister,Argentina,80.5,40.4,86.5,25.4,19597.0,Marcos Javier Acuña,,
104,19597.0,Marcos Javier Acuña,Argentina,86.5,25.4,74.9,24.1,5507.0,Nicolás Alejandro Tagliafico,,
104,5507.0,Nicolás Alejandro Tagliafico,Argentina,75.1,23.9,81.6,30.5,27886.0,Alexis Mac Allister,,
104,27886.0,Alexis Mac Allister,Argentina,80.9,34.6,83.7,44.0,5503.0,Lionel Andrés Messi Cuccittini,,
104,5503.0,Lionel Andrés Messi Cuccittini,Argentina,86.0,34.4,97.0,45.3,27886.0,Alexis Mac Allister,,
104,27886.0,Alexis Mac Allister,Argentina,97.0,45.3,101.0,38.2,5503.0,Lionel Andrés Messi Cuccittini,,
104,5503.0,Lionel Andrés Messi Cuccittini,Argentina,103.4,37.6,107.9,47.8,11456.0,Lautaro Javier Martínez,,
105,5503.0,Lionel Andrés Messi Cuccittini,Argentina,120.0,0.1,102.5,70.1,38718.0,Enzo Fernandez,,
105,10481.0,Aurélien Djani Tchouaméni,France,28.5,0.1,23.1,8.7,24778.0,Eduardo Camavinga,,
105,24778.0,Eduardo Camavinga,France,24.2,7.7,17.4,17.3,8519.0,Dayotchanculle Upamecano,,
105,8519.0,Dayotchanculle Upamecano,France,14.4,18.3,19.5,39.7,5485.0,Raphaël Varane,,
105,5485.0,Raphaël Varane,France,19.3,40.0,33.8,35.0,11990.0,Youssouf Fofana,,
105,11990.0,Youssouf Fofana,France,35.1,41.0,39.0,66.5,4445.0,Jules Koundé,,
105,4445.0,Jules Koundé,France,41.1,77.8,54.8,76.1,8217.0,Kingsley Coman,,
105,19597.0,Marcos Javier Acuña,Argentina,71.5,8.3,98.5,32.4,11456.0,Lautaro Javier Martínez,,
106,3099.0,Hugo Lloris,France,7.0,36.1,36.4,25.4,11990.0,Youssouf Fofana,,
106,11990.0,Youssouf Fofana,France,40.5,25.0,37.9,13.6,24778.0,Eduardo Camavinga,,
105,11456.0,Lautaro Javier Martínez,Argentina,61.0,40.1,49.5,39.3,16308.0,Leandro Daniel Paredes,,
105,16308.0,Leandro Daniel Paredes,Argentina,51.8,42.7,45.4,68.8,28263.0,Gonzalo Ariel Montiel,,
105,28263.0,Gonzalo Ariel Montiel,Argentina,50.3,64.6,42.4,50.0,16308.0,Leandro Daniel Paredes,,
105,16308.0,Leandro Daniel Paredes,Argentina,44.7,30.8,50.9,21.6,3090.0,Nicolás Hernán Otamendi,,
105,3090.0,Nicolás Hernán Otamendi,Argentina,55.7,18.1,77.7,4.9,5507.0,Nicolás Alejandro Tagliafico,,
105,5507.0,Nicolás Alejandro Tagliafico,Argentina,81.8,3.6,89.2,7.0,19597.0,Marcos Javier Acuña,,
105,8217.0,Kingsley Coman,France,7.3,75.0,17.6,75.0,,,9.0,Incomplete
105,5507.0,Nicolás Alejandro Tagliafico,Argentina,102.1,4.7,93.3,18.6,27886.0,Alexis Mac Allister,,
105,27886.0,Alexis Mac Allister,Argentina,93.5,18.6,83.0,26.5,16308.0,Leandro Daniel Paredes,,
105,16308.0,Leandro Daniel Paredes,Argentina,82.8,26.5,90.7,57.7,5503.0,Lionel Andrés Messi Cuccittini,,
105,5503.0,Lionel Andrés Messi Cuccittini,Argentina,92.9,60.1,111.5,66.3,28263.0,Gonzalo Ariel Montiel,,
105,28263.0,Gonzalo Ariel Montiel,Argentina,111.5,66.3,120.0,30.1,,,75.0,Out
106,3099.0,Hugo Lloris,France,6.0,44.0,83.5,25.2,,,9.0,Incomplete
106,20572.0,Cristian Gabriel Romero,Argentina,36.6,54.9,42.8,72.5,28263.0,Gonzalo Ariel Montiel,,
106,28263.0,Gonzalo Ariel Montiel,Argentina,43.2,74.4,43.9,63.5,16308.0,Leandro Daniel Paredes,,
106,16308.0,Leandro Daniel Paredes,Argentina,44.1,56.0,46.0,22.0,5507.0,Nicolás Alejandro Tagliafico,,
106,5507.0,Nicolás Alejandro Tagliafico,Argentina,42.6,15.1,34.3,18.1,3090.0,Nicolás Hernán Otamendi,,
106,3090.0,Nicolás Hernán Otamendi,Argentina,33.2,23.9,32.8,56.9,20572.0,Cristian Gabriel Romero,,
106,20572.0,Cristian Gabriel Romero,Argentina,32.3,61.8,45.6,76.1,38718.0,Enzo Fernandez,,
106,38718.0,Enzo Fernandez,Argentina,50.1,73.5,110.0,60.3,28263.0,Gonzalo Ariel Montiel,9.0,Incomplete
106,28263.0,Gonzalo Ariel Montiel,Argentina,111.7,80.0,103.6,55.8,5503.0,Lionel Andrés Messi Cuccittini,,
107,3099.0,Hugo Lloris,France,6.0,44.0,68.3,47.8,,,9.0,Incomplete
107,11456.0,Lautaro Javier Martínez,Argentina,51.8,32.3,64.4,41.7,,,9.0,Incomplete
107,8519.0,Dayotchanculle Upamecano,France,55.7,38.4,66.4,38.2,10481.0,Aurélien Djani Tchouaméni,,
107,10481.0,Aurélien Djani Tchouaméni,France,66.4,38.2,77.3,36.7,,,9.0,Incomplete
107,16308.0,Leandro Daniel Paredes,Argentina,43.2,46.2,63.1,70.8,28263.0,Gonzalo Ariel Montiel,,
107,28263.0,Gonzalo Ariel Montiel,Argentina,64.2,74.0,94.2,56.4,11456.0,Lautaro Javier Martínez,,
107,11456.0,Lautaro Javier Martínez,Argentina,94.2,56.4,91.2,58.8,5503.0,Lionel Andrés Messi Cuccittini,,
107,5503.0,Lionel Andrés Messi Cuccittini,Argentina,91.2,58.8,95.4,49.4,38718.0,Enzo Fernandez,,
107,38718.0,Enzo Fernandez,Argentina,95.4,49.4,109.3,56.9,11456.0,Lautaro Javier Martínez,,
109,10481.0,Aurélien Djani Tchouaméni,France,60.0,40.0,48.6,52.1,4445.0,Jules Koundé,,
110,4445.0,Jules Koundé,France,54.4,71.6,45.4,54.9,5485.0,Raphaël Varane,,
110,5485.0,Raphaël Varane,France,43.7,53.2,15.9,42.7,3099.0,Hugo Lloris,,
110,3099.0,Hugo Lloris,France,21.0,27.7,119.8,14.7,,,75.0,Out
110,6909.0,Damián Emiliano Martínez,Argentina,7.0,44.1,74.7,71.8,,,9.0,Incomplete
110,2972.0,Marcus Thuram,France,45.4,8.3,36.4,21.8,5485.0,Raphaël Varane,,
110,5485.0,Raphaël Varane,France,37.5,21.5,76.6,4.0,2972.0,Marcus Thuram,,
111,2972.0,Marcus Thuram,France,76.6,4.0,101.0,6.6,,,9.0,Incomplete
111,22097.0,Randal Kolo Muani,France,90.8,17.0,86.3,8.7,2972.0,Marcus Thuram,,
111,20572.0,Cristian Gabriel Romero,Argentina,13.3,64.8,85.8,38.9,,,9.0,Incomplete
111,5485.0,Raphaël Varane,France,34.3,41.2,36.6,24.7,8519.0,Dayotchanculle Upamecano,,
111,8519.0,Dayotchanculle Upamecano,France,34.9,22.8,17.6,36.9,3099.0,Hugo Lloris,,
111,3099.0,Hugo Lloris,France,17.6,36.9,43.5,3.6,24778.0,Eduardo Camavinga,,
111,24778.0,Eduardo Camavinga,France,46.3,6.6,56.7,26.7,11990.0,Youssouf Fofana,,
111,16308.0,Leandro Daniel Paredes,Argentina,41.8,48.5,34.7,43.4,3090.0,Nicolás Hernán Otamendi,,
111,3090.0,Nicolás Hernán Otamendi,Argentina,34.5,43.2,43.9,43.2,27886.0,Alexis Mac Allister,,
111,27886.0,Alexis Mac Allister,Argentina,53.7,47.2,50.9,58.8,38718.0,Enzo Fernandez,,
111,38718.0,Enzo Fernandez,Argentina,49.7,57.9,73.2,6.4,19597.0,Marcos Javier Acuña,,
111,19597.0,Marcos Javier Acuña,Argentina,75.3,5.7,83.7,20.1,11456.0,Lautaro Javier Martínez,,
111,5485.0,Raphaël Varane,France,3.3,68.6,5.6,79.3,,,75.0,Out
112,19597.0,Marcos Javier Acuña,Argentina,115.8,0.1,115.8,9.6,11456.0,Lautaro Javier Martínez,,
112,11456.0,Lautaro Javier Martínez,Argentina,118.5,4.0,116.8,6.6,,,9.0,Incomplete
112,19597.0,Marcos Javier Acuña,Argentina,114.9,0.1,116.0,10.9,11456.0,Lautaro Javier Martínez,,
112,11456.0,Lautaro Javier Martínez,Argentina,114.1,9.2,116.0,4.7,19597.0,Marcos Javier Acuña,,
113,3099.0,Hugo Lloris,France,6.0,44.0,14.0,22.2,24778.0,Eduardo Camavinga,,
114,8217.0,Kingsley Coman,France,77.9,13.8,104.2,53.0,,,9.0,Incomplete
114,11990.0,Youssouf Fofana,France,86.3,49.6,87.1,69.7,4445.0,Jules Koundé,,
114,4445.0,Jules Koundé,France,89.7,69.7,81.8,60.0,10481.0,Aurélien Djani Tchouaméni,9.0,Incomplete
114,11990.0,Youssouf Fofana,France,70.2,51.3,72.6,64.3,4445.0,Jules Koundé,,
114,4445.0,Jules Koundé,France,72.8,64.3,105.7,63.2,11135.0,Ibrahima Konaté,,
114,11135.0,Ibrahima Konaté,France,116.0,68.0,115.8,64.3,,,9.0,Incomplete
115,8217.0,Kingsley Coman,France,120.0,80.0,108.1,37.2,8519.0,Dayotchanculle Upamecano,9.0,Incomplete
118,38718.0,Enzo Fernandez,Argentina,61.0,40.1,50.7,44.9,16308.0,Leandro Daniel Paredes,,
118,16308.0,Leandro Daniel Paredes,Argentina,50.7,44.9,56.5,52.8,38718.0,Enzo Fernandez,,
118,38718.0,Enzo Fernandez,Argentina,63.1,62.8,94.2,71.4,28263.0,Gonzalo Ariel Montiel,,
118,28263.0,Gonzalo Ariel Montiel,Argentina,102.7,70.5,98.9,53.4,,,9.0,Incomplete
118,11990.0,Youssouf Fofana,France,26.6,19.0,47.1,26.7,,,9.0,Incomplete
118,16308.0,Leandro Daniel Paredes,Argentina,73.8,54.9,82.6,59.0,38718.0,Enzo Fernandez,,
118,38718.0,Enzo Fernandez,Argentina,82.6,59.0,82.0,74.0,,,9.0,Incomplete
118,16308.0,Leandro Daniel Paredes,Argentina,75.8,72.9,83.7,66.0,5503.0,Lionel Andrés Messi Cuccittini,,
118,11456.0,Lautaro Javier Martínez,Argentina,87.7,33.5,79.4,43.6,38718.0,Enzo Fernandez,,
118,38718.0,Enzo Fernandez,Argentina,79.2,43.6,94.6,21.1,19597.0,Marcos Javier Acuña,,
118,19597.0,Marcos Javier Acuña,Argentina,106.4,8.3,108.9,12.8,,,9.0,Incomplete
119,5503.0,Lionel Andrés Messi Cuccittini,Argentina,120.0,0.1,112.3,40.0,,,9.0,Incomplete
119,38718.0,Enzo Fernandez,Argentina,83.2,80.0,96.3,76.3,28263.0,Gonzalo Ariel Montiel,,
119,24778.0,Eduardo Camavinga,France,12.3,3.4,15.9,6.1,2972.0,Marcus Thuram,,
119,2972.0,Marcus Thuram,France,15.9,6.1,27.9,17.0,11990.0,Youssouf Fofana,,
119,11990.0,Youssouf Fofana,France,63.8,12.3,78.1,4.2,3009.0,Kylian Mbappé Lottin,,
119,3009.0,Kylian Mbappé Lottin,France,79.0,4.2,120.0,47.6,22097.0,Randal Kolo Muani,75.0,Out
121,6909.0,Damián Emiliano Martínez,Argentina,7.0,44.1,79.8,6.4,5743.0,Paulo Bruno Exequiel Dybala,,
121,5743.0,Paulo Bruno Exequiel Dybala,Argentina,76.2,8.5,94.6,5.3,,,9.0,Incomplete
121,19597.0,Marcos Javier Acuña,Argentina,99.1,0.1,74.7,11.3,3090.0,Nicolás Hernán Otamendi,,
121,3090.0,Nicolás Hernán Otamendi,Argentina,71.7,16.0,53.3,30.5,7161.0,Germán Alejandro Pezzella,,
121,7161.0,Germán Alejandro Pezzella,Argentina,53.3,31.0,64.2,16.4,3090.0,Nicolás Hernán Otamendi,,
121,3090.0,Nicolás Hernán Otamendi,Argentina,64.2,16.4,78.1,5.3,19597.0,Marcos Javier Acuña,,
121,19597.0,Marcos Javier Acuña,Argentina,78.1,7.0,62.5,7.9,3090.0,Nicolás Hernán Otamendi,,
121,3090.0,Nicolás Hernán Otamendi,Argentina,56.1,3.6,66.8,7.4,19597.0,Marcos Javier Acuña,9.0,Incomplete
121,8217.0,Kingsley Coman,France,53.3,72.7,64.4,73.7,22097.0,Randal Kolo Muani,9.0,Incomplete
121,3090.0,Nicolás Hernán Otamendi,Argentina,55.7,6.4,54.6,15.6,16308.0,Leandro Daniel Paredes,,
121,16308.0,Leandro Daniel Paredes,Argentina,52.4,17.3,57.6,13.9,19597.0,Marcos Javier Acuña,,
121,19597.0,Marcos Javier Acuña,Argentina,52.7,5.1,79.2,9.6,5743.0,Paulo Bruno Exequiel Dybala,,
121,5743.0,Paulo Bruno Exequiel Dybala,Argentina,79.2,10.0,87.7,20.5,11456.0,Lautaro Javier Martínez,9.0,Incomplete
121,8217.0,Kingsley Coman,France,57.4,75.9,67.7,63.0,,,9.0,Incomplete
121,16308.0,Leandro Daniel Paredes,Argentina,52.4,17.1,64.2,27.5,38718.0,Enzo Fernandez,,
121,38718.0,Enzo Fernandez,Argentina,64.2,27.8,74.1,34.6,5503.0,Lionel Andrés Messi Cuccittini,,
121,5503.0,Lionel Andrés Messi Cuccittini,Argentina,74.1,34.6,92.2,29.9,11456.0,Lautaro Javier Martínez,76.0,Pass Offside
122,3099.0,Hugo Lloris,France,22.7,50.8,85.0,53.2,,,9.0,Incomplete
122,3090.0,Nicolás Hernán Otamendi,Argentina,35.1,26.9,58.4,36.7,,,9.0,Incomplete
122,11135.0,Ibrahima Konaté,France,62.7,42.7,103.7,45.1,22097.0,Randal Kolo Muani,,
122,3090.0,Nicolás Hernán Otamendi,Argentina,22.5,34.2,48.8,47.2,5743.0,Paulo Bruno Exequiel Dybala,,
122,5743.0,Paulo Bruno Exequiel Dybala,Argentina,44.3,48.3,42.8,54.1,38718.0,Enzo Fernandez,,
122,38718.0,Enzo Fernandez,Argentina,42.8,54.1,58.0,62.4,5503.0,Lionel Andrés Messi Cuccittini,,
122,5503.0,Lionel Andrés Messi Cuccittini,Argentina,66.8,62.6,104.9,62.6,28263.0,Gonzalo Ariel Montiel,,
122,28263.0,Gonzalo Ariel Montiel,Argentina,109.3,61.6,110.8,41.6,11456.0,Lautaro Javier Martínez,,
123,3099.0,Hugo Lloris,France,6.0,36.0,73.6,60.0,,,9.0,Incomplete
123,19597.0,Marcos Javier Acuña,Argentina,46.5,20.1,62.5,25.8,,,9.0,Incomplete
123,16308.0,Leandro Daniel Paredes,Argentina,47.1,27.3,56.1,22.0,38718.0,Enzo Fernandez,,
123,10481.0,Aurélien Djani Tchouaméni,France,63.4,36.1,115.8,8.5,3009.0,Kylian Mbappé Lottin,,
